Date,Symbol,Company,Sector,Open,High,Low,Close,Volume,Value
2024-01-01,BEAR,Stevens-Brown,Technology,335.53,338.72,332.25,334.6,654598,219028490.8
2024-01-01,BLAN,Hill LLC,Consumer,745.75,747.47,730.11,731.89,872708,638726258.12
2024-01-01,COLE,"Smith, Johnson and Mendoza",Consumer,874.44,908.21,873.96,902.0,720105,649534710.0
2024-01-01,CUNN,"Nichols, Ward and Miller",Consumer,447.93,449.34,435.17,438.28,830304,363905637.12
2024-01-01,DAVI,Parker-Taylor,Healthcare,443.63,446.24,436.52,438.94,429690,188608128.6
2024-01-01,GILM,"Molina, Ortiz and Rogers",Technology,106.12,106.65,104.81,105.64,559000,59052760.0
2024-01-01,GUTI,"Wood, Hutchinson and Hernandez",Finance,686.12,692.79,676.71,678.91,718894,488064325.54
2024-01-01,HERR,"Key, Santiago and Costa",Healthcare,636.29,665.36,633.81,663.19,886902,588184537.38
2024-01-01,MILL,Kim and Sons,Finance,334.92,336.67,327.28,330.1,521072,172005867.2
2024-01-01,MITC,Deleon-Oliver,Finance,365.93,368.07,363.12,364.99,193143,70495263.57
2024-01-01,MOOR,Petersen-Ali,Healthcare,978.74,982.25,960.64,968.42,480453,465280294.26
2024-01-01,SANT,"Chavez, Adams and Johnson",Energy,687.53,689.59,673.16,674.22,417762,281663495.64
2024-01-01,VELA,"Walsh, Keller and Pearson",Finance,26.89,29.08,26.68,28.82,1331118,38362820.76
2024-01-01,WILK,Kramer Ltd,Finance,705.31,707.65,673.9,675.96,678968,458955209.28
2024-01-01,WYAT,Moreno-Wagner,Healthcare,469.14,472.18,447.05,448.33,642931,288245255.23
2024-01-02,BEAR,Stevens-Brown,Technology,336.43,338.7,332.79,333.26,424149,141351895.74
2024-01-02,BLAN,Hill LLC,Consumer,734.12,743.74,732.56,736.73,648253,477587432.69
2024-01-02,COLE,"Smith, Johnson and Mendoza",Consumer,897.25,898.37,834.26,836.42,1017412,850983745.04
2024-01-02,CUNN,"Nichols, Ward and Miller",Consumer,437.32,439.19,433.74,437.25,639030,279415867.5
2024-01-02,DAVI,Parker-Taylor,Healthcare,442.19,442.95,429.91,432.05,662075,286049503.75
2024-01-02,GILM,"Molina, Ortiz and Rogers",Technology,106.09,106.59,104.56,105.4,795012,83794264.8
2024-01-02,GUTI,"Wood, Hutchinson and Hernandez",Finance,672.55,693.33,670.65,692.19,509401,352602278.19
2024-01-02,HERR,"Key, Santiago and Costa",Healthcare,662.97,663.21,616.8,622.23,625643,389293843.89
2024-01-02,MILL,Kim and Sons,Finance,332.01,334.54,329.8,332.57,442180,147055802.6
2024-01-02,MITC,Deleon-Oliver,Finance,362.15,363.2,356.93,360.13,510666,183906146.58
2024-01-02,MOOR,Petersen-Ali,Healthcare,975.72,995.93,975.3,987.38,283510,279932103.8
2024-01-02,SANT,"Chavez, Adams and Johnson",Energy,675.23,675.23,664.35,670.93,340301,228318149.93
2024-01-02,VELA,"Walsh, Keller and Pearson",Finance,28.63,29.9,28.59,29.74,489089,14545506.86
2024-01-02,WILK,Kramer Ltd,Finance,671.26,691.86,668.74,685.36,290253,198927796.08
2024-01-02,WYAT,Moreno-Wagner,Healthcare,446.32,450.27,424.2,426.5,1102179,470079343.5
2024-01-03,BEAR,Stevens-Brown,Technology,334.2,334.86,330.06,330.98,346535,114696154.3
2024-01-03,BLAN,Hill LLC,Consumer,743.76,746.67,721.12,723.42,279399,202122824.58
2024-01-03,COLE,"Smith, Johnson and Mendoza",Consumer,839.75,841.52,833.24,834.14,956852,798148527.28
2024-01-03,CUNN,"Nichols, Ward and Miller",Consumer,439.34,443.18,435.83,440.23,410583,180750954.09
2024-01-03,DAVI,Parker-Taylor,Healthcare,432.66,435.62,431.62,432.81,503128,217758829.68
2024-01-03,GILM,"Molina, Ortiz and Rogers",Technology,106.17,110.96,106.01,110.56,843283,93233368.48
2024-01-03,GUTI,"Wood, Hutchinson and Hernandez",Finance,696.58,696.86,686.47,692.48,432259,299330712.32
2024-01-03,HERR,"Key, Santiago and Costa",Healthcare,624.24,624.66,621.88,623.57,530556,330838804.92
2024-01-03,MILL,Kim and Sons,Finance,331.38,338.53,330.81,337.1,280231,94465870.1
2024-01-03,MITC,Deleon-Oliver,Finance,357.87,365.94,355.36,363.42,561260,203973109.2
2024-01-03,MOOR,Petersen-Ali,Healthcare,989.81,1009.73,981.07,1005.92,312712,314563255.04
2024-01-03,SANT,"Chavez, Adams and Johnson",Energy,676.47,682.21,656.01,661.73,247143,163541937.39
2024-01-03,VELA,"Walsh, Keller and Pearson",Finance,29.97,29.97,28.67,28.96,353225,10229396.0
2024-01-03,WILK,Kramer Ltd,Finance,690.21,694.21,673.12,675.67,451767,305245408.89
2024-01-03,WYAT,Moreno-Wagner,Healthcare,425.4,430.1,423.28,426.64,537780,229438459.2
2024-01-04,BEAR,Stevens-Brown,Technology,330.35,333.93,329.92,333.38,353275,117774819.5
2024-01-04,BLAN,Hill LLC,Consumer,725.08,727.4,702.9,708.49,905905,641824633.45
2024-01-04,COLE,"Smith, Johnson and Mendoza",Consumer,841.13,859.19,838.17,850.98,466047,396596676.06
2024-01-04,CUNN,"Nichols, Ward and Miller",Consumer,441.38,442.06,439.2,441.62,233078,102931906.36
2024-01-04,DAVI,Parker-Taylor,Healthcare,431.91,437.72,431.86,433.89,325983,141440763.87
2024-01-04,GILM,"Molina, Ortiz and Rogers",Technology,110.36,111.44,109.52,111.34,583433,64959430.22
2024-01-04,GUTI,"Wood, Hutchinson and Hernandez",Finance,698.49,705.1,691.33,695.38,275851,191821268.38
2024-01-04,HERR,"Key, Santiago and Costa",Healthcare,628.72,629.55,584.6,588.77,1483595,873496228.15
2024-01-04,MILL,Kim and Sons,Finance,336.59,340.51,336.27,337.16,341926,115283770.16
2024-01-04,MITC,Deleon-Oliver,Finance,362.99,364.49,358.64,359.16,782790,281146856.4
2024-01-04,MOOR,Petersen-Ali,Healthcare,1015.28,1019.53,994.68,1003.0,433792,435093376.0
2024-01-04,SANT,"Chavez, Adams and Johnson",Energy,664.35,675.06,663.9,671.75,759297,510057759.75
2024-01-04,VELA,"Walsh, Keller and Pearson",Finance,28.8,30.16,28.71,29.99,614731,18435782.69
2024-01-04,WILK,Kramer Ltd,Finance,669.32,670.45,653.28,657.57,444561,292329976.77
2024-01-04,WYAT,Moreno-Wagner,Healthcare,423.06,423.88,412.56,416.5,549862,229017523.0
2024-01-05,BEAR,Stevens-Brown,Technology,332.4,343.47,330.03,341.6,611055,208736388.0
2024-01-05,BLAN,Hill LLC,Consumer,714.69,730.28,708.05,727.41,470265,342075463.65
2024-01-05,COLE,"Smith, Johnson and Mendoza",Consumer,852.94,856.68,769.73,771.47,1432864,1105411590.08
2024-01-05,CUNN,"Nichols, Ward and Miller",Consumer,445.09,448.0,440.59,441.96,1021372,451405569.12
2024-01-05,DAVI,Parker-Taylor,Healthcare,433.81,447.9,430.37,445.4,503634,224318583.6
2024-01-05,GILM,"Molina, Ortiz and Rogers",Technology,110.94,112.0,106.28,106.92,744932,79648129.44
2024-01-05,GUTI,"Wood, Hutchinson and Hernandez",Finance,699.6,704.57,693.4,693.76,479933,332958318.08
2024-01-05,HERR,"Key, Santiago and Costa",Healthcare,592.81,597.21,566.39,571.6,360082,205822871.2
2024-01-05,MILL,Kim and Sons,Finance,338.95,339.79,338.72,338.83,334964,113495852.12
2024-01-05,MITC,Deleon-Oliver,Finance,356.99,372.01,353.97,369.04,743156,274254290.24
2024-01-05,MOOR,Petersen-Ali,Healthcare,993.06,1038.21,991.83,1028.0,1196536,1230039008.0
2024-01-05,SANT,"Chavez, Adams and Johnson",Energy,670.47,681.91,664.28,677.57,534689,362289225.73
2024-01-05,VELA,"Walsh, Keller and Pearson",Finance,29.81,31.24,29.56,30.95,863758,26733310.1
2024-01-05,WILK,Kramer Ltd,Finance,662.56,668.46,641.45,645.47,697213,450030075.11
2024-01-05,WYAT,Moreno-Wagner,Healthcare,415.34,416.42,406.26,408.83,340834,139343164.22
2024-01-08,BEAR,Stevens-Brown,Technology,344.44,347.69,334.46,336.28,431883,145233615.24
2024-01-08,BLAN,Hill LLC,Consumer,728.42,751.5,722.12,746.21,781354,583054168.34
2024-01-08,COLE,"Smith, Johnson and Mendoza",Consumer,770.04,827.61,764.01,824.93,858993,708609095.49
2024-01-08,CUNN,"Nichols, Ward and Miller",Consumer,444.65,448.9,441.48,442.56,370628,164025127.68
2024-01-08,DAVI,Parker-Taylor,Healthcare,447.45,459.71,445.39,457.43,956835,437685034.05
2024-01-08,GILM,"Molina, Ortiz and Rogers",Technology,107.4,107.86,107.0,107.52,27817,2990883.84
2024-01-08,GUTI,"Wood, Hutchinson and Hernandez",Finance,691.98,704.21,688.25,699.84,344239,240912221.76
2024-01-08,HERR,"Key, Santiago and Costa",Healthcare,575.47,599.12,575.36,597.49,880166,525890383.34
2024-01-08,MILL,Kim and Sons,Finance,337.78,340.57,333.56,336.48,652515,219558247.2
2024-01-08,MITC,Deleon-Oliver,Finance,366.27,367.92,356.01,358.83,739729,265436957.07
2024-01-08,MOOR,Petersen-Ali,Healthcare,1025.91,1031.45,1017.04,1024.33,598643,613207984.19
2024-01-08,SANT,"Chavez, Adams and Johnson",Energy,672.7,674.96,654.02,659.38,317168,209134235.84
2024-01-08,VELA,"Walsh, Keller and Pearson",Finance,30.7,30.93,29.96,30.13,452742,13641116.46
2024-01-08,WILK,Kramer Ltd,Finance,648.72,654.62,640.66,641.64,813785,522157007.4
2024-01-08,WYAT,Moreno-Wagner,Healthcare,411.74,414.29,396.65,399.78,710047,283862589.66
2024-01-09,BEAR,Stevens-Brown,Technology,335.97,363.37,332.91,362.04,906560,328210982.4
2024-01-09,BLAN,Hill LLC,Consumer,749.62,756.6,745.03,755.62,443079,334799353.98
2024-01-09,COLE,"Smith, Johnson and Mendoza",Consumer,820.4,825.2,800.88,802.97,638419,512631304.43
2024-01-09,CUNN,"Nichols, Ward and Miller",Consumer,439.83,447.11,438.74,443.95,624986,277462534.7
2024-01-09,DAVI,Parker-Taylor,Healthcare,458.88,459.45,432.28,434.35,1130579,491066988.65
2024-01-09,GILM,"Molina, Ortiz and Rogers",Technology,107.75,114.13,107.36,114.03,84241,9606001.23
2024-01-09,GUTI,"Wood, Hutchinson and Hernandez",Finance,704.96,705.31,698.55,704.63,1000,704630.0
2024-01-09,HERR,"Key, Santiago and Costa",Healthcare,596.99,607.02,594.01,605.83,417292,252808012.36
2024-01-09,MILL,Kim and Sons,Finance,333.86,336.42,317.51,320.65,651261,208826839.65
2024-01-09,MITC,Deleon-Oliver,Finance,357.82,363.2,355.91,361.34,452258,163418905.72
2024-01-09,MOOR,Petersen-Ali,Healthcare,1016.9,1042.85,1014.88,1037.52,1013295,1051313828.4
2024-01-09,SANT,"Chavez, Adams and Johnson",Energy,657.5,670.46,652.87,666.84,1054428,703134767.52
2024-01-09,VELA,"Walsh, Keller and Pearson",Finance,30.12,30.74,30.1,30.54,782335,23892510.9
2024-01-09,WILK,Kramer Ltd,Finance,643.65,651.86,642.79,651.61,811802,528978301.22
2024-01-09,WYAT,Moreno-Wagner,Healthcare,397.87,414.96,395.67,414.63,870815,361066023.45
2024-01-10,BEAR,Stevens-Brown,Technology,359.33,374.03,358.26,370.66,714433,264811735.78
2024-01-10,BLAN,Hill LLC,Consumer,750.0,762.08,746.95,761.4,883365,672594111.0
2024-01-10,COLE,"Smith, Johnson and Mendoza",Consumer,800.22,802.15,786.99,788.13,370897,292315052.61
2024-01-10,CUNN,"Nichols, Ward and Miller",Consumer,445.73,449.22,444.8,448.9,762745,342396230.5
2024-01-10,DAVI,Parker-Taylor,Healthcare,438.6,440.88,421.56,422.05,615087,259597468.35
2024-01-10,GILM,"Molina, Ortiz and Rogers",Technology,113.29,113.55,110.09,110.98,563883,62579735.34
2024-01-10,GUTI,"Wood, Hutchinson and Hernandez",Finance,705.28,709.11,698.2,702.58,700440,492115135.2
2024-01-10,HERR,"Key, Santiago and Costa",Healthcare,608.44,614.04,583.73,585.93,533456,312567874.08
2024-01-10,MILL,Kim and Sons,Finance,320.95,323.3,317.97,319.14,618147,197275433.58
2024-01-10,MITC,Deleon-Oliver,Finance,362.02,371.29,359.4,368.49,726553,267727514.97
2024-01-10,MOOR,Petersen-Ali,Healthcare,1036.67,1040.25,1016.7,1016.78,480165,488222168.7
2024-01-10,SANT,"Chavez, Adams and Johnson",Energy,673.33,677.52,657.23,662.76,275390,182517476.4
2024-01-10,VELA,"Walsh, Keller and Pearson",Finance,30.71,30.9,29.52,29.7,944586,28054204.2
2024-01-10,WILK,Kramer Ltd,Finance,649.8,654.55,640.18,641.31,548765,351928482.15
2024-01-10,WYAT,Moreno-Wagner,Healthcare,413.75,414.74,391.41,393.05,1180123,463847345.15
2024-01-11,BEAR,Stevens-Brown,Technology,373.91,391.12,371.26,388.14,789262,306344152.68
2024-01-11,BLAN,Hill LLC,Consumer,768.06,772.37,749.76,754.98,675457,509956525.86
2024-01-11,COLE,"Smith, Johnson and Mendoza",Consumer,789.47,796.03,786.85,793.72,52198,41430596.56
2024-01-11,CUNN,"Nichols, Ward and Miller",Consumer,452.24,455.44,448.41,455.32,707527,322151193.64
2024-01-11,DAVI,Parker-Taylor,Healthcare,421.65,454.19,420.29,451.39,1228920,554722198.8
2024-01-11,GILM,"Molina, Ortiz and Rogers",Technology,110.78,111.06,106.83,106.93,1087597,116296747.21
2024-01-11,GUTI,"Wood, Hutchinson and Hernandez",Finance,704.7,712.25,699.98,707.25,604521,427547477.25
2024-01-11,HERR,"Key, Santiago and Costa",Healthcare,583.82,593.42,578.35,589.35,606824,357631724.4
2024-01-11,MILL,Kim and Sons,Finance,318.68,321.44,306.74,309.51,368943,114191547.93
2024-01-11,MITC,Deleon-Oliver,Finance,371.99,372.96,368.7,372.57,373230,139054301.1
2024-01-11,MOOR,Petersen-Ali,Healthcare,1021.69,1025.9,995.7,997.56,75737,75552201.72
2024-01-11,SANT,"Chavez, Adams and Johnson",Energy,659.5,662.04,657.26,661.79,201575,133400319.25
2024-01-11,VELA,"Walsh, Keller and Pearson",Finance,29.67,29.87,28.93,29.19,668433,19511559.27
2024-01-11,WILK,Kramer Ltd,Finance,640.72,648.95,639.36,647.64,471208,305173149.12
2024-01-11,WYAT,Moreno-Wagner,Healthcare,395.97,400.44,394.12,397.27,553506,219891328.62
2024-01-12,BEAR,Stevens-Brown,Technology,389.69,391.46,380.26,383.08,877239,336052716.12
2024-01-12,BLAN,Hill LLC,Consumer,752.8,765.8,745.95,759.56,610450,463673402.0
2024-01-12,COLE,"Smith, Johnson and Mendoza",Consumer,798.36,804.28,784.82,785.35,490020,384837207.0
2024-01-12,CUNN,"Nichols, Ward and Miller",Consumer,457.0,463.1,456.21,459.05,759562,348676936.1
2024-01-12,DAVI,Parker-Taylor,Healthcare,455.46,459.46,448.91,453.07,795352,360350130.64
2024-01-12,GILM,"Molina, Ortiz and Rogers",Technology,107.38,107.87,106.17,106.68,61870,6600291.6
2024-01-12,GUTI,"Wood, Hutchinson and Hernandez",Finance,701.9,720.75,696.71,716.12,419342,300299193.04
2024-01-12,HERR,"Key, Santiago and Costa",Healthcare,588.88,594.24,552.35,557.67,797571,444781419.57
2024-01-12,MILL,Kim and Sons,Finance,312.5,313.84,299.43,301.72,883509,266572335.48
2024-01-12,MITC,Deleon-Oliver,Finance,371.12,383.35,370.76,380.11,946925,359935661.75
2024-01-12,MOOR,Petersen-Ali,Healthcare,1006.59,1011.79,991.2,993.08,321170,318947503.6
2024-01-12,SANT,"Chavez, Adams and Johnson",Energy,663.12,668.89,662.9,663.99,602672,400168181.28
2024-01-12,VELA,"Walsh, Keller and Pearson",Finance,29.38,29.44,28.64,28.77,533354,15344594.58
2024-01-12,WILK,Kramer Ltd,Finance,647.23,651.22,625.37,630.92,1019264,643074042.88
2024-01-12,WYAT,Moreno-Wagner,Healthcare,398.6,402.23,395.3,401.96,401099,161225754.04
2024-01-15,BEAR,Stevens-Brown,Technology,379.48,388.02,378.44,387.36,569042,220424109.12
2024-01-15,BLAN,Hill LLC,Consumer,757.51,773.89,750.45,771.63,326928,252267452.64
2024-01-15,COLE,"Smith, Johnson and Mendoza",Consumer,778.04,796.12,777.67,793.24,634059,502960961.16
2024-01-15,CUNN,"Nichols, Ward and Miller",Consumer,458.54,459.22,455.72,458.06,774554,354792205.24
2024-01-15,DAVI,Parker-Taylor,Healthcare,450.22,462.41,446.34,461.7,392962,181430555.4
2024-01-15,GILM,"Molina, Ortiz and Rogers",Technology,107.07,109.7,106.83,108.63,1021074,110919268.62
2024-01-15,GUTI,"Wood, Hutchinson and Hernandez",Finance,715.08,731.77,710.41,726.33,499277,362639863.41
2024-01-15,HERR,"Key, Santiago and Costa",Healthcare,558.64,561.56,535.01,540.28,317928,171770139.84
2024-01-15,MILL,Kim and Sons,Finance,303.18,304.75,298.69,299.15,687000,205516050.0
2024-01-15,MITC,Deleon-Oliver,Finance,377.94,387.03,374.39,385.7,640280,246955996.0
2024-01-15,MOOR,Petersen-Ali,Healthcare,985.61,1003.48,978.35,995.67,675958,673031101.86
2024-01-15,SANT,"Chavez, Adams and Johnson",Energy,662.06,675.82,657.15,670.77,438319,294011235.63
2024-01-15,VELA,"Walsh, Keller and Pearson",Finance,28.53,28.76,28.18,28.46,479152,13636665.92
2024-01-15,WILK,Kramer Ltd,Finance,636.46,642.08,617.94,622.54,685669,426856379.26
2024-01-15,WYAT,Moreno-Wagner,Healthcare,404.26,408.75,401.71,407.85,837430,341545825.5
2024-01-16,BEAR,Stevens-Brown,Technology,390.25,407.34,389.17,403.55,770632,310988543.6
2024-01-16,BLAN,Hill LLC,Consumer,773.02,786.86,770.67,780.26,898187,700819388.62
2024-01-16,COLE,"Smith, Johnson and Mendoza",Consumer,791.56,797.66,748.85,754.12,949692,716181731.04
2024-01-16,CUNN,"Nichols, Ward and Miller",Consumer,456.51,457.03,452.72,452.93,393623,178283665.39
2024-01-16,DAVI,Parker-Taylor,Healthcare,464.0,467.75,452.63,452.68,393387,178078427.16
2024-01-16,GILM,"Molina, Ortiz and Rogers",Technology,109.32,110.6,109.12,109.8,411713,45206087.4
2024-01-16,GUTI,"Wood, Hutchinson and Hernandez",Finance,719.17,724.92,701.54,701.93,613900,430914827.0
2024-01-16,HERR,"Key, Santiago and Costa",Healthcare,534.93,546.11,533.23,541.85,519311,281388665.35
2024-01-16,MILL,Kim and Sons,Finance,296.32,302.68,294.74,301.04,325555,98005077.2
2024-01-16,MITC,Deleon-Oliver,Finance,383.79,390.45,383.6,386.94,425321,164573707.74
2024-01-16,MOOR,Petersen-Ali,Healthcare,989.94,993.28,978.99,979.75,771992,756359162.0
2024-01-16,SANT,"Chavez, Adams and Johnson",Energy,673.78,681.66,671.32,681.23,49482,33708622.86
2024-01-16,VELA,"Walsh, Keller and Pearson",Finance,28.27,30.82,28.25,30.69,1067233,32753380.77
2024-01-16,WILK,Kramer Ltd,Finance,625.12,631.66,619.23,625.65,500886,313379325.9
2024-01-16,WYAT,Moreno-Wagner,Healthcare,406.55,418.65,402.96,414.96,60427,25074787.92
2024-01-17,BEAR,Stevens-Brown,Technology,401.7,418.0,398.07,416.46,623677,259736523.42
2024-01-17,BLAN,Hill LLC,Consumer,780.9,787.76,767.21,769.96,1153754,888344429.84
2024-01-17,COLE,"Smith, Johnson and Mendoza",Consumer,759.61,765.07,757.98,763.97,48647,37164848.59
2024-01-17,CUNN,"Nichols, Ward and Miller",Consumer,454.38,455.92,454.1,454.73,551714,250880907.22
2024-01-17,DAVI,Parker-Taylor,Healthcare,452.04,453.12,423.27,423.77,985200,417498204.0
2024-01-17,GILM,"Molina, Ortiz and Rogers",Technology,110.87,111.31,108.7,108.75,528744,57500910.0
2024-01-17,GUTI,"Wood, Hutchinson and Hernandez",Finance,704.68,708.71,699.22,702.49,461959,324521577.91
2024-01-17,HERR,"Key, Santiago and Costa",Healthcare,538.39,539.79,514.29,514.86,795155,409393503.3
2024-01-17,MILL,Kim and Sons,Finance,300.15,308.72,299.36,306.3,877427,268755890.1
2024-01-17,MITC,Deleon-Oliver,Finance,385.26,388.16,383.2,385.68,517005,199398488.4
2024-01-17,MOOR,Petersen-Ali,Healthcare,986.47,989.68,976.16,979.68,729182,714365021.76
2024-01-17,SANT,"Chavez, Adams and Johnson",Energy,682.51,687.62,678.29,682.12,521666,355838811.92
2024-01-17,VELA,"Walsh, Keller and Pearson",Finance,30.55,31.35,30.32,31.21,469719,14659929.99
2024-01-17,WILK,Kramer Ltd,Finance,630.05,646.91,628.8,641.54,517405,331936003.7
2024-01-17,WYAT,Moreno-Wagner,Healthcare,413.14,424.4,413.12,423.15,623227,263718505.05
2024-01-18,BEAR,Stevens-Brown,Technology,416.86,419.63,412.59,413.75,708500,293141875.0
2024-01-18,BLAN,Hill LLC,Consumer,773.54,785.07,767.6,779.05,190941,148752586.05
2024-01-18,COLE,"Smith, Johnson and Mendoza",Consumer,760.9,778.54,760.08,776.73,488778,379648535.94
2024-01-18,CUNN,"Nichols, Ward and Miller",Consumer,452.27,454.56,449.66,452.59,515714,233406999.26
2024-01-18,DAVI,Parker-Taylor,Healthcare,425.17,428.74,409.24,410.48,902313,370381440.24
2024-01-18,GILM,"Molina, Ortiz and Rogers",Technology,108.67,110.92,108.14,110.17,304402,33535968.34
2024-01-18,GUTI,"Wood, Hutchinson and Hernandez",Finance,704.32,719.09,700.06,714.18,493928,352753499.04
2024-01-18,HERR,"Key, Santiago and Costa",Healthcare,518.97,532.47,513.9,530.99,766665,407091448.35
2024-01-18,MILL,Kim and Sons,Finance,306.48,321.29,305.66,320.45,834505,267417127.25
2024-01-18,MITC,Deleon-Oliver,Finance,387.85,390.5,386.53,388.66,546895,212556210.7
2024-01-18,MOOR,Petersen-Ali,Healthcare,976.65,989.95,974.0,981.79,561870,551638347.3
2024-01-18,SANT,"Chavez, Adams and Johnson",Energy,682.36,683.59,679.61,681.75,543571,370579529.25
2024-01-18,VELA,"Walsh, Keller and Pearson",Finance,30.91,31.27,30.68,30.97,698709,21639017.73
2024-01-18,WILK,Kramer Ltd,Finance,640.58,645.6,640.55,641.86,953148,611787575.28
2024-01-18,WYAT,Moreno-Wagner,Healthcare,423.52,426.07,405.4,407.05,540774,220122056.7
2024-01-19,BEAR,Stevens-Brown,Technology,416.13,427.17,415.11,425.37,1121035,476854657.95
2024-01-19,BLAN,Hill LLC,Consumer,779.67,785.48,766.8,770.26,582353,448563221.78
2024-01-19,COLE,"Smith, Johnson and Mendoza",Consumer,781.77,782.99,768.84,769.28,738167,567857109.76
2024-01-19,CUNN,"Nichols, Ward and Miller",Consumer,452.64,455.28,449.76,453.74,585299,265573568.26
2024-01-19,DAVI,Parker-Taylor,Healthcare,409.42,410.98,394.22,397.88,1027986,409015069.68
2024-01-19,GILM,"Molina, Ortiz and Rogers",Technology,110.59,117.55,109.92,116.89,383519,44829535.91
2024-01-19,GUTI,"Wood, Hutchinson and Hernandez",Finance,707.1,717.61,704.17,714.03,528985,377711159.55
2024-01-19,HERR,"Key, Santiago and Costa",Healthcare,536.0,543.02,535.88,542.11,370623,200918434.53
2024-01-19,MILL,Kim and Sons,Finance,321.27,324.0,315.23,315.68,598820,189035497.6
2024-01-19,MITC,Deleon-Oliver,Finance,390.61,391.14,379.39,381.42,918123,350190474.66
2024-01-19,MOOR,Petersen-Ali,Healthcare,977.21,985.15,965.93,968.89,333770,323386415.3
2024-01-19,SANT,"Chavez, Adams and Johnson",Energy,685.37,695.52,680.33,689.18,457226,315111014.68
2024-01-19,VELA,"Walsh, Keller and Pearson",Finance,31.07,31.31,30.93,31.2,433744,13532812.8
2024-01-19,WILK,Kramer Ltd,Finance,647.33,649.84,637.25,639.29,395598,252901845.42
2024-01-19,WYAT,Moreno-Wagner,Healthcare,404.82,422.95,403.27,418.88,836811,350523391.68
2024-01-22,BEAR,Stevens-Brown,Technology,428.85,429.58,418.01,419.56,903491,379068683.96
2024-01-22,BLAN,Hill LLC,Consumer,771.21,786.35,768.68,781.87,875278,684353609.86
2024-01-22,COLE,"Smith, Johnson and Mendoza",Consumer,774.8,779.65,750.66,752.36,430801,324117440.36
2024-01-22,CUNN,"Nichols, Ward and Miller",Consumer,458.13,467.74,456.35,464.92,638089,296660337.88
2024-01-22,DAVI,Parker-Taylor,Healthcare,400.37,408.69,400.23,406.55,617112,250886883.6
2024-01-22,GILM,"Molina, Ortiz and Rogers",Technology,115.94,116.61,114.19,114.34,336253,38447168.02
2024-01-22,GUTI,"Wood, Hutchinson and Hernandez",Finance,718.21,725.29,697.27,698.83,652300,455846809.0
2024-01-22,HERR,"Key, Santiago and Costa",Healthcare,538.36,563.25,533.19,558.02,550404,307136440.08
2024-01-22,MILL,Kim and Sons,Finance,314.42,314.63,310.54,313.18,716348,224345866.64
2024-01-22,MITC,Deleon-Oliver,Finance,383.43,384.97,379.16,382.33,282207,107896202.31
2024-01-22,MOOR,Petersen-Ali,Healthcare,977.85,1001.6,974.27,1000.89,269258,269497639.62
2024-01-22,SANT,"Chavez, Adams and Johnson",Energy,694.48,699.8,688.43,689.64,387919,267524459.16
2024-01-22,VELA,"Walsh, Keller and Pearson",Finance,30.96,31.62,30.89,31.5,1072906,33796539.0
2024-01-22,WILK,Kramer Ltd,Finance,634.23,636.03,618.55,619.44,916541,567742157.04
2024-01-22,WYAT,Moreno-Wagner,Healthcare,415.04,430.09,411.03,427.44,624624,266989282.56
2024-01-23,BEAR,Stevens-Brown,Technology,417.38,420.78,414.96,415.03,347144,144075174.32
2024-01-23,BLAN,Hill LLC,Consumer,779.49,799.97,774.58,796.57,352680,280934307.6
2024-01-23,COLE,"Smith, Johnson and Mendoza",Consumer,752.16,774.77,749.05,767.43,742203,569588848.29
2024-01-23,CUNN,"Nichols, Ward and Miller",Consumer,466.05,475.11,461.82,471.88,918930,433624688.4
2024-01-23,DAVI,Parker-Taylor,Healthcare,408.75,412.06,401.84,405.47,572497,232130358.59
2024-01-23,GILM,"Molina, Ortiz and Rogers",Technology,115.12,116.15,114.74,115.8,301012,34857189.6
2024-01-23,GUTI,"Wood, Hutchinson and Hernandez",Finance,694.08,706.72,693.29,701.01,286422,200784686.22
2024-01-23,HERR,"Key, Santiago and Costa",Healthcare,561.93,599.77,556.64,597.7,332801,198915157.7
2024-01-23,MILL,Kim and Sons,Finance,310.19,317.76,310.1,317.19,442190,140258246.1
2024-01-23,MITC,Deleon-Oliver,Finance,380.36,380.92,368.24,370.79,979920,363344536.8
2024-01-23,MOOR,Petersen-Ali,Healthcare,1000.23,1045.06,994.73,1043.85,704391,735278545.35
2024-01-23,SANT,"Chavez, Adams and Johnson",Energy,692.46,696.53,677.86,683.94,276957,189421970.58
2024-01-23,VELA,"Walsh, Keller and Pearson",Finance,31.58,33.95,31.56,33.77,1487871,50245403.67
2024-01-23,WILK,Kramer Ltd,Finance,620.01,628.95,619.71,624.18,673628,420465125.04
2024-01-23,WYAT,Moreno-Wagner,Healthcare,425.41,428.73,420.55,420.81,365406,153766498.86
2024-01-24,BEAR,Stevens-Brown,Technology,416.81,423.17,416.5,421.36,671061,282758262.96
2024-01-24,BLAN,Hill LLC,Consumer,799.43,802.63,777.61,784.59,815880,640131289.2
2024-01-24,COLE,"Smith, Johnson and Mendoza",Consumer,767.49,770.31,732.56,738.28,574478,424125617.84
2024-01-24,CUNN,"Nichols, Ward and Miller",Consumer,472.52,472.6,466.34,468.42,774125,362615632.5
2024-01-24,DAVI,Parker-Taylor,Healthcare,404.25,409.24,402.46,405.45,602342,244219563.9
2024-01-24,GILM,"Molina, Ortiz and Rogers",Technology,115.77,118.36,115.46,118.32,820650,97099308.0
2024-01-24,GUTI,"Wood, Hutchinson and Hernandez",Finance,703.84,705.01,696.81,698.3,329279,229935525.7
2024-01-24,HERR,"Key, Santiago and Costa",Healthcare,596.54,607.72,592.92,603.91,566807,342300415.37
2024-01-24,MILL,Kim and Sons,Finance,315.23,317.41,313.65,313.91,656226,205995903.66
2024-01-24,MITC,Deleon-Oliver,Finance,368.92,371.01,359.19,362.69,796544,288898543.36
2024-01-24,MOOR,Petersen-Ali,Healthcare,1042.18,1047.02,1012.28,1012.41,1102789,1116474611.49
2024-01-24,SANT,"Chavez, Adams and Johnson",Energy,690.51,698.42,685.57,692.3,356948,247115100.4
2024-01-24,VELA,"Walsh, Keller and Pearson",Finance,33.61,34.95,33.52,34.9,653053,22791549.7
2024-01-24,WILK,Kramer Ltd,Finance,618.44,626.8,614.37,623.51,797269,497105194.19
2024-01-24,WYAT,Moreno-Wagner,Healthcare,419.61,419.89,414.65,417.21,669602,279364650.42
2024-01-25,BEAR,Stevens-Brown,Technology,417.27,431.08,413.37,426.93,640646,273510996.78
2024-01-25,BLAN,Hill LLC,Consumer,787.98,837.77,786.03,833.91,1212142,1010817335.22
2024-01-25,COLE,"Smith, Johnson and Mendoza",Consumer,736.73,738.7,724.96,727.36,455719,331471771.84
2024-01-25,CUNN,"Nichols, Ward and Miller",Consumer,471.55,479.35,467.68,477.17,696072,332144676.24
2024-01-25,DAVI,Parker-Taylor,Healthcare,403.99,405.35,375.35,376.78,1002901,377873038.78
2024-01-25,GILM,"Molina, Ortiz and Rogers",Technology,117.69,122.03,116.96,121.12,738796,89482971.52
2024-01-25,GUTI,"Wood, Hutchinson and Hernandez",Finance,704.3,708.78,692.56,694.31,571911,397083526.41
2024-01-25,HERR,"Key, Santiago and Costa",Healthcare,603.82,637.63,599.78,631.35,1004370,634108999.5
2024-01-25,MILL,Kim and Sons,Finance,312.38,314.11,299.57,301.13,566331,170539254.03
2024-01-25,MITC,Deleon-Oliver,Finance,366.14,369.04,342.36,345.41,1015555,350782852.55
2024-01-25,MOOR,Petersen-Ali,Healthcare,1005.83,1010.79,994.0,998.52,968351,966917840.52
2024-01-25,SANT,"Chavez, Adams and Johnson",Energy,698.08,708.48,697.87,703.7,793716,558537949.2
2024-01-25,VELA,"Walsh, Keller and Pearson",Finance,34.7,34.94,34.64,34.73,834280,28974544.4
2024-01-25,WILK,Kramer Ltd,Finance,617.84,637.37,612.41,631.89,336073,212361167.97
2024-01-25,WYAT,Moreno-Wagner,Healthcare,415.71,419.6,391.65,392.33,634466,248920045.78
2024-01-26,BEAR,Stevens-Brown,Technology,424.21,427.68,396.27,396.95,797750,316666862.5
2024-01-26,BLAN,Hill LLC,Consumer,828.62,835.73,795.56,801.39,396527,317772772.53
2024-01-26,COLE,"Smith, Johnson and Mendoza",Consumer,733.72,736.18,704.19,706.98,984605,696096042.9
2024-01-26,CUNN,"Nichols, Ward and Miller",Consumer,480.03,483.6,474.48,474.64,491241,233162628.24
2024-01-26,DAVI,Parker-Taylor,Healthcare,376.86,380.55,374.24,377.55,671764,253624498.2
2024-01-26,GILM,"Molina, Ortiz and Rogers",Technology,120.22,120.56,113.67,114.48,915727,104832426.96
2024-01-26,GUTI,"Wood, Hutchinson and Hernandez",Finance,691.4,698.9,685.51,692.46,338682,234523737.72
2024-01-26,HERR,"Key, Santiago and Costa",Healthcare,634.91,640.13,623.55,627.79,394978,247963238.62
2024-01-26,MILL,Kim and Sons,Finance,303.0,310.76,300.34,309.61,625179,193561670.19
2024-01-26,MITC,Deleon-Oliver,Finance,345.43,346.08,338.03,338.69,765058,259117494.02
2024-01-26,MOOR,Petersen-Ali,Healthcare,991.48,997.65,962.02,971.25,841203,817018413.75
2024-01-26,SANT,"Chavez, Adams and Johnson",Energy,703.73,707.64,702.29,703.53,734578,516797660.34
2024-01-26,VELA,"Walsh, Keller and Pearson",Finance,34.53,34.84,34.02,34.08,379416,12930497.28
2024-01-26,WILK,Kramer Ltd,Finance,631.2,638.2,630.8,632.78,426795,270067340.1
2024-01-26,WYAT,Moreno-Wagner,Healthcare,392.46,409.83,391.32,406.55,981300,398947515.0
2024-01-29,BEAR,Stevens-Brown,Technology,399.94,411.48,396.27,408.28,660741,269767335.48
2024-01-29,BLAN,Hill LLC,Consumer,797.54,828.99,793.5,825.99,688901,569025336.99
2024-01-29,COLE,"Smith, Johnson and Mendoza",Consumer,712.89,735.01,712.22,730.95,707175,516909566.25
2024-01-29,CUNN,"Nichols, Ward and Miller",Consumer,471.05,474.89,460.63,464.56,484552,225103477.12
2024-01-29,DAVI,Parker-Taylor,Healthcare,379.7,383.23,364.35,365.62,796822,291334059.64
2024-01-29,GILM,"Molina, Ortiz and Rogers",Technology,113.4,113.44,108.65,109.32,1215632,132892890.24
2024-01-29,GUTI,"Wood, Hutchinson and Hernandez",Finance,694.17,702.78,687.44,696.97,712012,496251003.64
2024-01-29,HERR,"Key, Santiago and Costa",Healthcare,621.82,625.74,604.17,606.3,664498,402885137.4
2024-01-29,MILL,Kim and Sons,Finance,307.5,309.9,296.24,297.03,960410,285270582.3
2024-01-29,MITC,Deleon-Oliver,Finance,336.83,348.54,334.84,346.04,422086,146058639.44
2024-01-29,MOOR,Petersen-Ali,Healthcare,976.24,978.5,935.81,938.0,846358,793883804.0
2024-01-29,SANT,"Chavez, Adams and Johnson",Energy,699.77,707.81,696.26,705.34,810036,571350792.24
2024-01-29,VELA,"Walsh, Keller and Pearson",Finance,33.81,34.83,33.5,34.63,977350,33845630.5
2024-01-29,WILK,Kramer Ltd,Finance,636.83,638.23,632.7,635.67,375026,238392777.42
2024-01-29,WYAT,Moreno-Wagner,Healthcare,409.49,411.23,405.27,406.93,658839,268101354.27
2024-01-30,BEAR,Stevens-Brown,Technology,407.9,416.63,407.05,416.18,646311,268981711.98
2024-01-30,BLAN,Hill LLC,Consumer,825.53,845.42,820.99,839.01,263558,221127797.58
2024-01-30,COLE,"Smith, Johnson and Mendoza",Consumer,725.06,727.23,711.12,715.08,586373,419303604.84
2024-01-30,CUNN,"Nichols, Ward and Miller",Consumer,461.07,467.33,460.68,464.98,239225,111234840.5
2024-01-30,DAVI,Parker-Taylor,Healthcare,364.8,380.3,364.14,377.09,800634,301911075.06
2024-01-30,GILM,"Molina, Ortiz and Rogers",Technology,109.73,110.74,107.34,108.35,326280,35352438.0
2024-01-30,GUTI,"Wood, Hutchinson and Hernandez",Finance,701.96,703.9,689.41,694.74,408255,283631078.7
2024-01-30,HERR,"Key, Santiago and Costa",Healthcare,606.55,611.18,579.75,579.85,309383,179395732.55
2024-01-30,MILL,Kim and Sons,Finance,295.99,298.44,287.1,289.44,713866,206621375.04
2024-01-30,MITC,Deleon-Oliver,Finance,349.17,351.88,345.87,347.39,564283,196026271.37
2024-01-30,MOOR,Petersen-Ali,Healthcare,929.37,969.91,922.67,967.18,428914,414837042.52
2024-01-30,SANT,"Chavez, Adams and Johnson",Energy,705.37,712.04,682.08,687.62,192960,132683155.2
2024-01-30,VELA,"Walsh, Keller and Pearson",Finance,34.97,35.05,33.23,33.5,833431,27919938.5
2024-01-30,WILK,Kramer Ltd,Finance,633.46,638.25,632.2,636.49,617140,392803438.6
2024-01-30,WYAT,Moreno-Wagner,Healthcare,406.59,408.59,396.69,398.88,534250,213101640.0
2024-01-31,BEAR,Stevens-Brown,Technology,419.64,420.29,387.47,389.9,792203,308879949.7
2024-01-31,BLAN,Hill LLC,Consumer,842.82,849.4,818.68,819.26,312897,256343996.22
2024-01-31,COLE,"Smith, Johnson and Mendoza",Consumer,717.33,722.55,714.07,718.5,640892,460480902.0
2024-01-31,CUNN,"Nichols, Ward and Miller",Consumer,460.86,463.0,447.88,448.36,492393,220769325.48
2024-01-31,DAVI,Parker-Taylor,Healthcare,376.64,380.19,372.09,374.12,466087,174372468.44
2024-01-31,GILM,"Molina, Ortiz and Rogers",Technology,107.73,108.5,107.21,107.92,177502,19156015.84
2024-01-31,GUTI,"Wood, Hutchinson and Hernandez",Finance,691.38,697.18,688.05,697.11,172510,120258446.1
2024-01-31,HERR,"Key, Santiago and Costa",Healthcare,581.55,586.98,560.09,565.31,620858,350977235.98
2024-01-31,MILL,Kim and Sons,Finance,289.9,299.21,288.32,297.48,383546,114097264.08
2024-01-31,MITC,Deleon-Oliver,Finance,350.84,354.08,348.83,351.8,924881,325373135.8
2024-01-31,MOOR,Petersen-Ali,Healthcare,973.78,1011.6,967.9,1005.84,825500,830320920.0
2024-01-31,SANT,"Chavez, Adams and Johnson",Energy,688.17,706.75,684.8,700.28,484567,339332578.76
2024-01-31,VELA,"Walsh, Keller and Pearson",Finance,33.57,34.42,33.28,34.38,555246,19089357.48
2024-01-31,WILK,Kramer Ltd,Finance,642.62,647.57,628.86,635.17,310587,197275544.79
2024-01-31,WYAT,Moreno-Wagner,Healthcare,396.41,408.2,395.37,405.96,349876,142035660.96
2024-02-01,BEAR,Stevens-Brown,Technology,392.2,394.13,367.24,370.17,585746,216825596.82
2024-02-01,BLAN,Hill LLC,Consumer,823.02,831.88,815.15,826.37,356205,294357125.85
2024-02-01,COLE,"Smith, Johnson and Mendoza",Consumer,714.88,718.29,705.68,708.83,939318,665816777.94
2024-02-01,CUNN,"Nichols, Ward and Miller",Consumer,448.61,452.26,447.52,447.52,481176,215335883.52
2024-02-01,DAVI,Parker-Taylor,Healthcare,373.06,385.54,370.53,383.03,960125,367756678.75
2024-02-01,GILM,"Molina, Ortiz and Rogers",Technology,108.58,110.17,108.1,109.87,751663,82585213.81
2024-02-01,GUTI,"Wood, Hutchinson and Hernandez",Finance,693.14,695.14,687.01,689.31,83771,57744188.01
2024-02-01,HERR,"Key, Santiago and Costa",Healthcare,570.84,574.05,563.94,567.31,713952,405032109.12
2024-02-01,MILL,Kim and Sons,Finance,297.67,328.6,296.29,325.6,1434276,467000265.6
2024-02-01,MITC,Deleon-Oliver,Finance,354.81,365.9,352.73,363.19,463072,168183119.68
2024-02-01,MOOR,Petersen-Ali,Healthcare,998.58,1033.44,997.1,1025.66,463878,475781109.48
2024-02-01,SANT,"Chavez, Adams and Johnson",Energy,695.33,703.43,693.34,701.58,282984,198535914.72
2024-02-01,VELA,"Walsh, Keller and Pearson",Finance,34.33,34.9,34.04,34.7,446774,15503057.8
2024-02-01,WILK,Kramer Ltd,Finance,640.23,643.63,636.15,637.06,481509,306750123.54
2024-02-01,WYAT,Moreno-Wagner,Healthcare,407.48,409.47,402.05,405.62,426206,172877677.72
2024-02-02,BEAR,Stevens-Brown,Technology,368.28,375.35,365.36,375.05,549846,206219742.3
2024-02-02,BLAN,Hill LLC,Consumer,825.49,838.73,821.21,838.65,889141,745678099.65
2024-02-02,COLE,"Smith, Johnson and Mendoza",Consumer,713.92,733.62,707.64,731.34,862717,630939450.78
2024-02-02,CUNN,"Nichols, Ward and Miller",Consumer,448.85,449.77,440.06,442.08,516541,228352445.28
2024-02-02,DAVI,Parker-Taylor,Healthcare,384.37,388.42,383.25,385.38,461546,177870597.48
2024-02-02,GILM,"Molina, Ortiz and Rogers",Technology,110.06,115.39,109.98,114.5,601398,68860071.0
2024-02-02,GUTI,"Wood, Hutchinson and Hernandez",Finance,688.58,692.86,678.81,684.56,185212,126788726.72
2024-02-02,HERR,"Key, Santiago and Costa",Healthcare,565.93,604.89,560.43,603.03,1248429,752840139.87
2024-02-02,MILL,Kim and Sons,Finance,322.78,347.57,322.33,345.89,919305,317978406.45
2024-02-02,MITC,Deleon-Oliver,Finance,364.21,364.47,361.83,363.07,390948,141941490.36
2024-02-02,MOOR,Petersen-Ali,Healthcare,1031.45,1041.24,1010.59,1010.91,367797,371809665.27
2024-02-02,SANT,"Chavez, Adams and Johnson",Energy,698.04,712.05,692.13,707.05,792940,560648227.0
2024-02-02,VELA,"Walsh, Keller and Pearson",Finance,34.52,34.57,33.22,33.5,690263,23123810.5
2024-02-02,WILK,Kramer Ltd,Finance,634.52,636.49,619.1,623.71,377502,235451772.42
2024-02-02,WYAT,Moreno-Wagner,Healthcare,404.82,419.9,403.29,418.13,666939,278867204.07
2024-02-05,BEAR,Stevens-Brown,Technology,375.32,381.06,374.73,380.94,91669,34920388.86
2024-02-05,BLAN,Hill LLC,Consumer,836.37,839.04,819.34,820.93,250644,205761178.92
2024-02-05,COLE,"Smith, Johnson and Mendoza",Consumer,731.8,731.87,706.16,709.36,194780,138169140.8
2024-02-05,CUNN,"Nichols, Ward and Miller",Consumer,441.27,443.55,439.21,442.24,1077511,476518464.64
2024-02-05,DAVI,Parker-Taylor,Healthcare,387.56,390.27,377.36,378.23,865617,327402317.91
2024-02-05,GILM,"Molina, Ortiz and Rogers",Technology,114.55,115.6,109.37,110.4,1000,110400.0
2024-02-05,GUTI,"Wood, Hutchinson and Hernandez",Finance,687.78,694.95,683.31,693.07,874290,605944170.3
2024-02-05,HERR,"Key, Santiago and Costa",Healthcare,607.36,615.58,602.54,610.04,319995,195209749.8
2024-02-05,MILL,Kim and Sons,Finance,346.45,348.98,346.09,347.16,705685,244985604.6
2024-02-05,MITC,Deleon-Oliver,Finance,363.62,363.86,355.06,355.78,487040,173279091.2
2024-02-05,MOOR,Petersen-Ali,Healthcare,1011.39,1020.09,991.75,991.79,469766,465909221.14
2024-02-05,SANT,"Chavez, Adams and Johnson",Energy,708.03,711.2,702.26,709.17,472889,335358692.13
2024-02-05,VELA,"Walsh, Keller and Pearson",Finance,33.59,33.89,33.42,33.45,214845,7186565.25
2024-02-05,WILK,Kramer Ltd,Finance,627.33,632.52,621.64,622.93,567562,353551396.66
2024-02-05,WYAT,Moreno-Wagner,Healthcare,418.87,420.51,412.08,415.72,635025,263992593.0
2024-02-06,BEAR,Stevens-Brown,Technology,384.74,387.58,363.88,367.31,342412,125771351.72
2024-02-06,BLAN,Hill LLC,Consumer,813.56,820.23,809.49,811.01,627349,508786312.49
2024-02-06,COLE,"Smith, Johnson and Mendoza",Consumer,714.9,718.21,693.92,697.2,974932,679722590.4
2024-02-06,CUNN,"Nichols, Ward and Miller",Consumer,445.09,448.7,438.85,440.83,683790,301435145.7
2024-02-06,DAVI,Parker-Taylor,Healthcare,374.63,396.94,372.64,393.8,662955,261071679.0
2024-02-06,GILM,"Molina, Ortiz and Rogers",Technology,111.47,112.26,110.36,111.9,226339,25327334.1
2024-02-06,GUTI,"Wood, Hutchinson and Hernandez",Finance,687.54,705.09,687.14,698.94,463532,323981056.08
2024-02-06,HERR,"Key, Santiago and Costa",Healthcare,613.26,618.97,601.55,604.97,231059,139783763.23
2024-02-06,MILL,Kim and Sons,Finance,349.24,366.54,345.93,365.65,1056051,386145048.15
2024-02-06,MITC,Deleon-Oliver,Finance,354.88,365.08,353.35,363.63,872660,317325355.8
2024-02-06,MOOR,Petersen-Ali,Healthcare,996.68,1003.55,990.52,996.16,425574,423939795.84
2024-02-06,SANT,"Chavez, Adams and Johnson",Energy,715.4,715.57,710.53,712.25,371868,264862983.0
2024-02-06,VELA,"Walsh, Keller and Pearson",Finance,33.18,33.42,32.93,33.11,632312,20935850.32
2024-02-06,WILK,Kramer Ltd,Finance,625.34,629.12,618.91,619.65,463693,287327367.45
2024-02-06,WYAT,Moreno-Wagner,Healthcare,415.65,418.63,399.86,403.85,512408,206935970.8
2024-02-07,BEAR,Stevens-Brown,Technology,367.73,370.05,367.33,368.25,611131,225048990.75
2024-02-07,BLAN,Hill LLC,Consumer,803.39,812.48,796.62,811.73,425373,345288025.29
2024-02-07,COLE,"Smith, Johnson and Mendoza",Consumer,691.52,752.99,689.72,748.02,1149119,859563994.38
2024-02-07,CUNN,"Nichols, Ward and Miller",Consumer,437.21,440.49,430.97,431.69,339295,146470258.55
2024-02-07,DAVI,Parker-Taylor,Healthcare,390.74,392.01,372.75,374.55,945960,354309318.0
2024-02-07,GILM,"Molina, Ortiz and Rogers",Technology,111.34,118.43,110.9,117.64,1001296,117792461.44
2024-02-07,GUTI,"Wood, Hutchinson and Hernandez",Finance,704.72,710.06,690.31,691.44,550201,380430979.44
2024-02-07,HERR,"Key, Santiago and Costa",Healthcare,610.12,619.63,606.17,617.39,418985,258677149.15
2024-02-07,MILL,Kim and Sons,Finance,362.17,364.64,347.38,347.98,540082,187937734.36
2024-02-07,MITC,Deleon-Oliver,Finance,360.71,362.22,354.24,355.11,757116,268859462.76
2024-02-07,MOOR,Petersen-Ali,Healthcare,1005.96,1006.89,968.08,969.22,167174,162028384.28
2024-02-07,SANT,"Chavez, Adams and Johnson",Energy,716.81,720.89,713.45,715.16,621792,444680766.72
2024-02-07,VELA,"Walsh, Keller and Pearson",Finance,33.37,34.44,33.36,34.28,594872,20392212.16
2024-02-07,WILK,Kramer Ltd,Finance,622.91,627.33,613.81,615.25,413478,254392339.5
2024-02-07,WYAT,Moreno-Wagner,Healthcare,400.99,412.93,398.89,409.24,230533,94343324.92
2024-02-08,BEAR,Stevens-Brown,Technology,365.73,375.7,364.41,372.03,852589,317188685.67
2024-02-08,BLAN,Hill LLC,Consumer,812.56,819.96,751.98,757.64,1179036,893284835.04
2024-02-08,COLE,"Smith, Johnson and Mendoza",Consumer,749.34,773.14,744.37,766.87,553544,424496287.28
2024-02-08,CUNN,"Nichols, Ward and Miller",Consumer,427.99,428.27,427.44,428.05,654343,280091521.15
2024-02-08,DAVI,Parker-Taylor,Healthcare,371.49,371.75,356.44,357.21,847549,302752978.29
2024-02-08,GILM,"Molina, Ortiz and Rogers",Technology,118.14,118.84,116.73,117.42,209046,24546181.32
2024-02-08,GUTI,"Wood, Hutchinson and Hernandez",Finance,690.68,709.79,684.52,705.98,751486,530534086.28
2024-02-08,HERR,"Key, Santiago and Costa",Healthcare,618.28,620.02,586.29,589.86,839281,495058290.66
2024-02-08,MILL,Kim and Sons,Finance,347.93,350.45,336.47,337.33,683162,230451037.46
2024-02-08,MITC,Deleon-Oliver,Finance,356.67,362.17,353.45,361.25,901520,325674100.0
2024-02-08,MOOR,Petersen-Ali,Healthcare,978.49,981.05,954.17,960.24,522078,501320178.72
2024-02-08,SANT,"Chavez, Adams and Johnson",Energy,710.71,711.34,694.79,696.22,518460,360962221.2
2024-02-08,VELA,"Walsh, Keller and Pearson",Finance,34.31,34.58,34.19,34.53,492284,16998566.52
2024-02-08,WILK,Kramer Ltd,Finance,614.57,623.04,611.55,618.53,434926,269014778.78
2024-02-08,WYAT,Moreno-Wagner,Healthcare,406.22,410.66,402.38,408.92,642820,262861954.4
2024-02-09,BEAR,Stevens-Brown,Technology,374.32,375.85,356.86,359.44,786855,282827161.2
2024-02-09,BLAN,Hill LLC,Consumer,750.81,753.34,748.28,750.59,631235,473798678.65
2024-02-09,COLE,"Smith, Johnson and Mendoza",Consumer,772.01,813.97,764.81,808.95,721235,583443053.25
2024-02-09,CUNN,"Nichols, Ward and Miller",Consumer,427.72,439.77,424.95,436.16,778257,339444573.12
2024-02-09,DAVI,Parker-Taylor,Healthcare,359.41,376.84,357.37,373.85,887764,331890571.4
2024-02-09,GILM,"Molina, Ortiz and Rogers",Technology,118.25,118.56,114.71,115.75,933176,108015122.0
2024-02-09,GUTI,"Wood, Hutchinson and Hernandez",Finance,699.02,702.25,694.24,699.33,877102,613383741.66
2024-02-09,HERR,"Key, Santiago and Costa",Healthcare,585.61,590.66,558.25,560.54,552363,309621556.02
2024-02-09,MILL,Kim and Sons,Finance,339.32,342.06,332.7,335.57,661116,221850696.12
2024-02-09,MITC,Deleon-Oliver,Finance,359.15,359.98,358.37,359.7,484666,174334360.2
2024-02-09,MOOR,Petersen-Ali,Healthcare,967.1,974.86,952.14,960.73,188286,180892008.78
2024-02-09,SANT,"Chavez, Adams and Johnson",Energy,695.34,704.1,688.78,698.46,575226,401772351.96
2024-02-09,VELA,"Walsh, Keller and Pearson",Finance,34.79,35.01,33.18,33.41,358711,11984534.51
2024-02-09,WILK,Kramer Ltd,Finance,614.71,627.17,609.34,621.46,621120,386001235.2
2024-02-09,WYAT,Moreno-Wagner,Healthcare,410.43,411.01,399.28,402.54,348250,140184555.0
2024-02-12,BEAR,Stevens-Brown,Technology,359.88,363.2,356.29,360.58,430227,155131251.66
2024-02-12,BLAN,Hill LLC,Consumer,752.15,757.81,743.45,745.17,496428,369923252.76
2024-02-12,COLE,"Smith, Johnson and Mendoza",Consumer,802.3,824.9,795.32,823.78,555868,457912941.04
2024-02-12,CUNN,"Nichols, Ward and Miller",Consumer,435.93,442.01,433.35,441.32,242922,107206337.04
2024-02-12,DAVI,Parker-Taylor,Healthcare,376.07,377.84,355.77,359.01,739559,265509076.59
2024-02-12,GILM,"Molina, Ortiz and Rogers",Technology,115.77,122.65,114.88,122.12,477474,58309124.88
2024-02-12,GUTI,"Wood, Hutchinson and Hernandez",Finance,692.38,709.78,690.2,709.69,815736,578919681.84
2024-02-12,HERR,"Key, Santiago and Costa",Healthcare,557.22,562.27,540.29,545.13,955010,520604601.3
2024-02-12,MILL,Kim and Sons,Finance,336.06,337.84,332.47,334.68,507680,169910342.4
2024-02-12,MITC,Deleon-Oliver,Finance,356.32,358.44,350.49,350.66,557588,195523808.08
2024-02-12,MOOR,Petersen-Ali,Healthcare,965.89,965.97,953.12,959.78,416066,399331825.48
2024-02-12,SANT,"Chavez, Adams and Johnson",Energy,702.93,707.48,697.17,703.93,414862,292033807.66
2024-02-12,VELA,"Walsh, Keller and Pearson",Finance,33.72,34.04,32.49,32.76,433578,14204015.28
2024-02-12,WILK,Kramer Ltd,Finance,626.59,629.37,613.51,619.12,459798,284670137.76
2024-02-12,WYAT,Moreno-Wagner,Healthcare,404.58,405.25,399.91,402.48,1000,402480.0
2024-02-13,BEAR,Stevens-Brown,Technology,360.36,363.36,352.36,355.04,658813,233904967.52
2024-02-13,BLAN,Hill LLC,Consumer,739.26,773.27,734.73,766.45,574615,440413666.75
2024-02-13,COLE,"Smith, Johnson and Mendoza",Consumer,817.01,832.29,813.44,829.39,477462,396002208.18
2024-02-13,CUNN,"Nichols, Ward and Miller",Consumer,440.57,440.98,437.18,438.15,233877,102473207.55
2024-02-13,DAVI,Parker-Taylor,Healthcare,355.56,382.25,355.33,379.12,809539,306912425.68
2024-02-13,GILM,"Molina, Ortiz and Rogers",Technology,121.08,122.71,121.07,122.66,356136,43683641.76
2024-02-13,GUTI,"Wood, Hutchinson and Hernandez",Finance,703.47,720.29,698.73,713.22,835329,595773349.38
2024-02-13,HERR,"Key, Santiago and Costa",Healthcare,540.78,545.22,522.61,526.27,861990,453639477.3
2024-02-13,MILL,Kim and Sons,Finance,337.87,340.79,330.04,332.99,443089,147544206.11
2024-02-13,MITC,Deleon-Oliver,Finance,347.58,350.51,346.93,348.37,721665,251406436.05
2024-02-13,MOOR,Petersen-Ali,Healthcare,964.61,968.26,891.38,893.35,1044627,933217530.45
2024-02-13,SANT,"Chavez, Adams and Johnson",Energy,705.37,708.14,700.24,702.01,545545,382978045.45
2024-02-13,VELA,"Walsh, Keller and Pearson",Finance,32.76,32.85,31.09,31.29,811745,25399501.05
2024-02-13,WILK,Kramer Ltd,Finance,614.28,621.75,611.1,618.36,276568,171018588.48
2024-02-13,WYAT,Moreno-Wagner,Healthcare,405.69,407.02,400.77,403.84,643017,259675985.28
2024-02-14,BEAR,Stevens-Brown,Technology,357.15,359.36,356.62,356.99,459324,163974074.76
2024-02-14,BLAN,Hill LLC,Consumer,765.54,782.48,760.19,774.91,393854,305201403.14
2024-02-14,COLE,"Smith, Johnson and Mendoza",Consumer,824.39,824.62,783.98,789.51,269448,212731890.48
2024-02-14,CUNN,"Nichols, Ward and Miller",Consumer,434.13,443.99,431.76,440.72,574595,253235508.4
2024-02-14,DAVI,Parker-Taylor,Healthcare,381.18,381.41,368.82,371.6,211085,78439186.0
2024-02-14,GILM,"Molina, Ortiz and Rogers",Technology,123.72,124.75,122.87,124.07,95261,11819032.27
2024-02-14,GUTI,"Wood, Hutchinson and Hernandez",Finance,708.23,727.65,706.25,725.02,685205,496787329.1
2024-02-14,HERR,"Key, Santiago and Costa",Healthcare,527.57,532.65,503.02,503.1,1173352,590313391.2
2024-02-14,MILL,Kim and Sons,Finance,335.28,336.19,327.37,328.09,721127,236594557.43
2024-02-14,MITC,Deleon-Oliver,Finance,348.31,362.09,348.07,359.26,718510,258131902.6
2024-02-14,MOOR,Petersen-Ali,Healthcare,888.07,940.24,887.88,933.75,322636,301261365.0
2024-02-14,SANT,"Chavez, Adams and Johnson",Energy,709.0,715.04,700.09,704.47,714507,503348746.29
2024-02-14,VELA,"Walsh, Keller and Pearson",Finance,31.14,31.39,29.76,30.03,427770,12845933.1
2024-02-14,WILK,Kramer Ltd,Finance,613.47,631.47,608.47,630.04,825238,519932949.52
2024-02-14,WYAT,Moreno-Wagner,Healthcare,403.8,405.72,394.15,394.61,633533,249998457.13
2024-02-15,BEAR,Stevens-Brown,Technology,358.91,359.58,345.7,347.51,516210,179388137.1
2024-02-15,BLAN,Hill LLC,Consumer,773.32,794.26,767.91,787.74,452609,356538213.66
2024-02-15,COLE,"Smith, Johnson and Mendoza",Consumer,788.94,809.57,786.55,806.18,635104,512008142.72
2024-02-15,CUNN,"Nichols, Ward and Miller",Consumer,443.48,444.88,438.26,441.24,412162,181862360.88
2024-02-15,DAVI,Parker-Taylor,Healthcare,375.12,377.04,368.05,368.97,587435,216745891.95
2024-02-15,GILM,"Molina, Ortiz and Rogers",Technology,125.15,131.93,124.97,131.49,1210092,159114997.08
2024-02-15,GUTI,"Wood, Hutchinson and Hernandez",Finance,730.54,736.7,727.59,727.68,735989,535564475.52
2024-02-15,HERR,"Key, Santiago and Costa",Healthcare,502.64,523.36,499.02,522.11,1074662,561091776.82
2024-02-15,MILL,Kim and Sons,Finance,330.15,333.3,323.65,326.27,557362,181850499.74
2024-02-15,MITC,Deleon-Oliver,Finance,359.59,363.56,357.65,360.28,605437,218126842.36
2024-02-15,MOOR,Petersen-Ali,Healthcare,936.4,961.9,933.45,953.05,808244,770296944.2
2024-02-15,SANT,"Chavez, Adams and Johnson",Energy,701.39,706.06,696.13,703.14,388594,273235985.16
2024-02-15,VELA,"Walsh, Keller and Pearson",Finance,29.95,30.15,29.84,30.09,429045,12909964.05
2024-02-15,WILK,Kramer Ltd,Finance,632.85,634.08,619.19,620.99,449638,279220701.62
2024-02-15,WYAT,Moreno-Wagner,Healthcare,392.71,396.11,388.9,390.66,749760,292901241.6
2024-02-16,BEAR,Stevens-Brown,Technology,350.51,353.15,329.22,331.33,856867,283905743.11
2024-02-16,BLAN,Hill LLC,Consumer,788.05,798.18,781.91,797.63,475611,379361601.93
2024-02-16,COLE,"Smith, Johnson and Mendoza",Consumer,809.64,812.24,778.83,783.68,300537,235524836.16
2024-02-16,CUNN,"Nichols, Ward and Miller",Consumer,445.35,448.33,437.59,438.93,512742,225057846.06
2024-02-16,DAVI,Parker-Taylor,Healthcare,370.52,375.79,367.51,374.96,648757,243257924.72
2024-02-16,GILM,"Molina, Ortiz and Rogers",Technology,131.52,134.17,130.38,134.11,712486,95551497.46
2024-02-16,GUTI,"Wood, Hutchinson and Hernandez",Finance,726.63,730.27,711.65,717.84,649535,466262204.4
2024-02-16,HERR,"Key, Santiago and Costa",Healthcare,523.5,544.05,521.81,539.57,1001012,540116044.84
2024-02-16,MILL,Kim and Sons,Finance,329.32,333.57,328.92,331.98,607504,201679177.92
2024-02-16,MITC,Deleon-Oliver,Finance,363.75,364.24,351.27,353.48,976690,345240381.2
2024-02-16,MOOR,Petersen-Ali,Healthcare,960.37,969.12,938.2,943.5,741043,699174070.5
2024-02-16,SANT,"Chavez, Adams and Johnson",Energy,704.01,705.84,703.55,703.9,215605,151764359.5
2024-02-16,VELA,"Walsh, Keller and Pearson",Finance,29.8,29.98,28.58,28.84,939233,27087479.72
2024-02-16,WILK,Kramer Ltd,Finance,617.89,620.31,608.55,612.38,888015,543802625.7
2024-02-16,WYAT,Moreno-Wagner,Healthcare,392.2,392.82,377.46,379.27,119983,45505952.41
2024-02-19,BEAR,Stevens-Brown,Technology,331.03,337.53,329.85,336.79,739873,249181827.67
2024-02-19,BLAN,Hill LLC,Consumer,798.73,821.16,797.19,816.58,203747,166375725.26
2024-02-19,COLE,"Smith, Johnson and Mendoza",Consumer,778.65,784.67,758.49,761.28,403419,307114816.32
2024-02-19,CUNN,"Nichols, Ward and Miller",Consumer,436.39,439.71,435.24,439.23,373682,164132344.86
2024-02-19,DAVI,Parker-Taylor,Healthcare,372.2,385.46,371.81,383.34,770010,295175633.4
2024-02-19,GILM,"Molina, Ortiz and Rogers",Technology,134.01,137.78,133.94,136.88,593027,81173535.76
2024-02-19,GUTI,"Wood, Hutchinson and Hernandez",Finance,720.02,722.58,707.1,708.12,1214069,859706540.28
2024-02-19,HERR,"Key, Santiago and Costa",Healthcare,542.89,549.19,539.11,548.39,257634,141283909.26
2024-02-19,MILL,Kim and Sons,Finance,333.09,334.69,328.72,328.94,81925,26948409.5
2024-02-19,MITC,Deleon-Oliver,Finance,355.52,356.48,354.64,355.46,573286,203780241.56
2024-02-19,MOOR,Petersen-Ali,Healthcare,937.88,940.24,927.39,936.34,505898,473692533.32
2024-02-19,SANT,"Chavez, Adams and Johnson",Energy,702.14,709.08,695.19,698.35,929229,648927072.15
2024-02-19,VELA,"Walsh, Keller and Pearson",Finance,28.66,30.38,28.59,30.24,414448,12532907.52
2024-02-19,WILK,Kramer Ltd,Finance,616.95,618.08,598.45,603.3,858195,517749043.5
2024-02-19,WYAT,Moreno-Wagner,Healthcare,379.99,380.16,351.82,354.78,578541,205254775.98
2024-02-20,BEAR,Stevens-Brown,Technology,336.37,338.62,317.62,319.44,633162,202257269.28
2024-02-20,BLAN,Hill LLC,Consumer,812.03,829.69,806.98,823.94,597728,492492008.32
2024-02-20,COLE,"Smith, Johnson and Mendoza",Consumer,761.31,779.29,759.23,773.35,907033,701453970.55
2024-02-20,CUNN,"Nichols, Ward and Miller",Consumer,443.34,446.21,426.94,427.18,766346,327367684.28
2024-02-20,DAVI,Parker-Taylor,Healthcare,386.59,387.93,354.6,354.65,772246,273877043.9
2024-02-20,GILM,"Molina, Ortiz and Rogers",Technology,136.53,138.85,135.83,138.66,738668,102423704.88
2024-02-20,GUTI,"Wood, Hutchinson and Hernandez",Finance,701.65,718.74,699.58,711.86,465873,331636353.78
2024-02-20,HERR,"Key, Santiago and Costa",Healthcare,550.38,552.65,546.97,550.43,220035,121113865.05
2024-02-20,MILL,Kim and Sons,Finance,329.24,337.87,326.63,336.85,510876,172088580.6
2024-02-20,MITC,Deleon-Oliver,Finance,356.45,358.87,348.84,350.94,278867,97865584.98
2024-02-20,MOOR,Petersen-Ali,Healthcare,944.11,953.55,920.41,924.26,598172,552866452.72
2024-02-20,SANT,"Chavez, Adams and Johnson",Energy,701.27,717.98,697.5,712.45,786170,560106816.5
2024-02-20,VELA,"Walsh, Keller and Pearson",Finance,29.97,31.09,29.83,30.81,815869,25136923.89
2024-02-20,WILK,Kramer Ltd,Finance,607.9,619.07,605.83,619.02,691032,427762628.64
2024-02-20,WYAT,Moreno-Wagner,Healthcare,353.5,354.76,349.95,351.25,743437,261132246.25
2024-02-21,BEAR,Stevens-Brown,Technology,321.72,326.36,318.93,323.77,897735,290659660.95
2024-02-21,BLAN,Hill LLC,Consumer,828.78,829.75,804.57,808.07,236199,190865325.93
2024-02-21,COLE,"Smith, Johnson and Mendoza",Consumer,769.74,848.64,763.66,842.09,909109,765551597.81
2024-02-21,CUNN,"Nichols, Ward and Miller",Consumer,429.83,433.97,426.47,427.58,201112,85991468.96
2024-02-21,DAVI,Parker-Taylor,Healthcare,351.73,354.3,342.15,343.97,454111,156200560.67
2024-02-21,GILM,"Molina, Ortiz and Rogers",Technology,137.74,140.89,136.99,140.36,1018162,142909218.32
2024-02-21,GUTI,"Wood, Hutchinson and Hernandez",Finance,713.95,718.46,707.93,710.96,277575,197344722.0
2024-02-21,HERR,"Key, Santiago and Costa",Healthcare,547.82,548.59,505.39,509.52,793306,404205273.12
2024-02-21,MILL,Kim and Sons,Finance,337.09,340.76,335.76,340.2,1148177,390609815.4
2024-02-21,MITC,Deleon-Oliver,Finance,349.89,355.01,346.47,352.41,461647,162689019.27
2024-02-21,MOOR,Petersen-Ali,Healthcare,929.71,937.18,886.07,890.87,1271921,1133116261.27
2024-02-21,SANT,"Chavez, Adams and Johnson",Energy,713.42,713.87,695.56,700.63,1144599,801940397.37
2024-02-21,VELA,"Walsh, Keller and Pearson",Finance,30.67,30.95,29.16,29.45,672953,19818465.85
2024-02-21,WILK,Kramer Ltd,Finance,616.06,618.71,606.23,609.19,943319,574660501.61
2024-02-21,WYAT,Moreno-Wagner,Healthcare,354.58,357.8,347.33,350.19,724999,253887399.81
2024-02-22,BEAR,Stevens-Brown,Technology,322.51,338.27,320.44,338.18,916241,309854381.38
2024-02-22,BLAN,Hill LLC,Consumer,810.83,815.69,804.37,805.76,377355,304057564.8
2024-02-22,COLE,"Smith, Johnson and Mendoza",Consumer,840.78,842.17,817.86,822.01,577859,475005876.59
2024-02-22,CUNN,"Nichols, Ward and Miller",Consumer,429.21,436.13,425.81,432.17,355046,153440229.82
2024-02-22,DAVI,Parker-Taylor,Healthcare,344.34,354.01,343.72,350.91,300336,105390905.76
2024-02-22,GILM,"Molina, Ortiz and Rogers",Technology,141.12,144.01,140.48,143.23,841474,120524321.02
2024-02-22,GUTI,"Wood, Hutchinson and Hernandez",Finance,716.99,722.48,710.76,719.87,865583,623107234.21
2024-02-22,HERR,"Key, Santiago and Costa",Healthcare,512.56,518.64,511.84,513.86,693645,356436419.7
2024-02-22,MILL,Kim and Sons,Finance,337.3,343.17,335.07,341.12,454753,155125343.36
2024-02-22,MITC,Deleon-Oliver,Finance,352.63,361.7,349.96,359.48,654593,235313091.64
2024-02-22,MOOR,Petersen-Ali,Healthcare,888.3,895.63,872.02,879.52,595518,523769991.36
2024-02-22,SANT,"Chavez, Adams and Johnson",Energy,695.51,703.45,691.84,702.65,404392,284146038.8
2024-02-22,VELA,"Walsh, Keller and Pearson",Finance,29.31,29.4,26.69,26.87,776675,20869257.25
2024-02-22,WILK,Kramer Ltd,Finance,613.6,626.2,611.4,621.5,336975,209429962.5
2024-02-22,WYAT,Moreno-Wagner,Healthcare,349.6,360.05,347.5,357.43,461577,164981467.11
2024-02-23,BEAR,Stevens-Brown,Technology,338.32,360.83,338.3,359.7,655020,235610694.0
2024-02-23,BLAN,Hill LLC,Consumer,811.06,815.48,788.09,789.18,835687,659507466.66
2024-02-23,COLE,"Smith, Johnson and Mendoza",Consumer,818.65,824.12,797.69,803.5,964018,774588463.0
2024-02-23,CUNN,"Nichols, Ward and Miller",Consumer,428.21,439.64,424.79,438.08,778603,341090402.24
2024-02-23,DAVI,Parker-Taylor,Healthcare,349.45,353.36,347.22,351.1,435389,152865077.9
2024-02-23,GILM,"Molina, Ortiz and Rogers",Technology,143.21,143.42,138.56,138.99,615549,85555155.51
2024-02-23,GUTI,"Wood, Hutchinson and Hernandez",Finance,724.38,731.21,719.83,722.3,675291,487762689.3
2024-02-23,HERR,"Key, Santiago and Costa",Healthcare,514.1,525.98,512.16,521.13,458378,238874527.14
2024-02-23,MILL,Kim and Sons,Finance,343.38,343.42,331.62,333.77,447434,149340046.18
2024-02-23,MITC,Deleon-Oliver,Finance,362.39,365.17,358.68,361.37,214998,77693827.26
2024-02-23,MOOR,Petersen-Ali,Healthcare,876.47,882.05,869.8,878.77,308262,270891397.74
2024-02-23,SANT,"Chavez, Adams and Johnson",Energy,701.34,716.26,698.12,710.38,448640,318704883.2
2024-02-23,VELA,"Walsh, Keller and Pearson",Finance,26.66,26.76,26.1,26.13,599895,15675256.35
2024-02-23,WILK,Kramer Ltd,Finance,624.27,630.4,618.04,623.86,363022,226474904.92
2024-02-23,WYAT,Moreno-Wagner,Healthcare,357.55,368.1,355.23,364.63,904832,329928892.16
2024-02-26,BEAR,Stevens-Brown,Technology,361.55,381.48,361.53,380.68,385058,146583879.44
2024-02-26,BLAN,Hill LLC,Consumer,795.89,807.4,790.0,801.99,164576,131988306.24
2024-02-26,COLE,"Smith, Johnson and Mendoza",Consumer,809.37,830.09,805.05,822.99,468630,385677803.7
2024-02-26,CUNN,"Nichols, Ward and Miller",Consumer,436.62,437.27,428.98,431.42,1117608,482158443.36
2024-02-26,DAVI,Parker-Taylor,Healthcare,347.88,354.05,345.78,350.76,285994,100315255.44
2024-02-26,GILM,"Molina, Ortiz and Rogers",Technology,138.96,143.13,138.1,142.72,469246,66970789.12
2024-02-26,GUTI,"Wood, Hutchinson and Hernandez",Finance,719.86,727.09,713.25,719.97,505940,364261621.8
2024-02-26,HERR,"Key, Santiago and Costa",Healthcare,522.48,523.63,519.1,519.22,282922,146898760.84
2024-02-26,MILL,Kim and Sons,Finance,334.72,342.36,333.91,341.92,1246617,426243284.64
2024-02-26,MITC,Deleon-Oliver,Finance,359.35,360.5,354.65,357.22,593958,212173676.76
2024-02-26,MOOR,Petersen-Ali,Healthcare,883.61,897.4,875.89,896.39,324150,290564818.5
2024-02-26,SANT,"Chavez, Adams and Johnson",Energy,709.97,714.56,703.02,712.55,568504,405087525.2
2024-02-26,VELA,"Walsh, Keller and Pearson",Finance,26.36,26.44,25.09,25.27,464908,11748225.16
2024-02-26,WILK,Kramer Ltd,Finance,623.21,640.83,619.9,634.91,1420369,901806481.79
2024-02-26,WYAT,Moreno-Wagner,Healthcare,365.7,371.25,364.12,368.5,878492,323724302.0
2024-02-27,BEAR,Stevens-Brown,Technology,377.62,396.64,375.21,396.34,349395,138479214.3
2024-02-27,BLAN,Hill LLC,Consumer,796.03,798.72,776.61,783.63,760814,596196674.82
2024-02-27,COLE,"Smith, Johnson and Mendoza",Consumer,825.08,862.33,822.56,856.94,689050,590474507.0
2024-02-27,CUNN,"Nichols, Ward and Miller",Consumer,429.03,448.78,426.65,445.58,280062,124790025.96
2024-02-27,DAVI,Parker-Taylor,Healthcare,350.35,352.51,343.35,344.74,416912,143726242.88
2024-02-27,GILM,"Molina, Ortiz and Rogers",Technology,143.33,144.3,142.47,142.99,457270,65385037.3
2024-02-27,GUTI,"Wood, Hutchinson and Hernandez",Finance,713.95,735.05,713.39,733.4,1198218,878773081.2
2024-02-27,HERR,"Key, Santiago and Costa",Healthcare,515.89,547.12,514.32,541.88,677647,367203356.36
2024-02-27,MILL,Kim and Sons,Finance,344.15,345.26,319.16,321.42,792433,254703814.86
2024-02-27,MITC,Deleon-Oliver,Finance,360.14,363.55,342.07,344.57,658977,227063704.89
2024-02-27,MOOR,Petersen-Ali,Healthcare,891.96,905.1,890.63,902.78,793258,716137457.24
2024-02-27,SANT,"Chavez, Adams and Johnson",Energy,709.03,725.78,704.62,718.65,606267,435693779.55
2024-02-27,VELA,"Walsh, Keller and Pearson",Finance,25.11,25.85,25.08,25.67,418196,10735091.32
2024-02-27,WILK,Kramer Ltd,Finance,629.2,635.01,623.97,633.37,601673,381081628.01
2024-02-27,WYAT,Moreno-Wagner,Healthcare,370.68,372.38,345.43,347.94,928840,323180589.6
2024-02-28,BEAR,Stevens-Brown,Technology,399.81,403.76,386.52,390.25,687415,268263703.75
2024-02-28,BLAN,Hill LLC,Consumer,777.83,826.57,774.07,822.75,928206,763681486.5
2024-02-28,COLE,"Smith, Johnson and Mendoza",Consumer,862.9,869.9,840.95,844.97,868653,733985725.41
2024-02-28,CUNN,"Nichols, Ward and Miller",Consumer,446.74,447.53,433.9,434.18,598465,259841533.7
2024-02-28,DAVI,Parker-Taylor,Healthcare,345.95,350.33,343.58,346.87,400716,138996358.92
2024-02-28,GILM,"Molina, Ortiz and Rogers",Technology,144.33,147.46,143.57,146.85,603471,88619716.35
2024-02-28,GUTI,"Wood, Hutchinson and Hernandez",Finance,736.32,738.42,731.98,735.43,351080,258194764.4
2024-02-28,HERR,"Key, Santiago and Costa",Healthcare,546.92,566.82,546.17,563.9,662122,373370595.8
2024-02-28,MILL,Kim and Sons,Finance,322.46,324.83,314.39,315.17,370500,116770485.0
2024-02-28,MITC,Deleon-Oliver,Finance,342.06,349.92,341.16,347.23,594760,206518514.8
2024-02-28,MOOR,Petersen-Ali,Healthcare,910.51,910.86,896.99,900.95,473323,426440356.85
2024-02-28,SANT,"Chavez, Adams and Johnson",Energy,713.5,733.76,708.2,731.67,446915,326994298.05
2024-02-28,VELA,"Walsh, Keller and Pearson",Finance,25.75,26.17,25.5,26.08,876505,22859250.4
2024-02-28,WILK,Kramer Ltd,Finance,633.35,645.07,632.31,639.53,744864,476362873.92
2024-02-28,WYAT,Moreno-Wagner,Healthcare,347.7,350.5,346.73,350.34,601958,210889965.72
2024-02-29,BEAR,Stevens-Brown,Technology,393.36,399.45,390.88,397.78,821446,326754789.88
2024-02-29,BLAN,Hill LLC,Consumer,814.55,859.75,811.7,851.42,1027573,874896203.66
2024-02-29,COLE,"Smith, Johnson and Mendoza",Consumer,851.74,858.81,829.21,834.05,454120,378758786.0
2024-02-29,CUNN,"Nichols, Ward and Miller",Consumer,432.98,436.78,431.09,431.77,557607,240757974.39
2024-02-29,DAVI,Parker-Taylor,Healthcare,345.9,347.52,326.07,326.07,953689,310969372.23
2024-02-29,GILM,"Molina, Ortiz and Rogers",Technology,148.32,155.46,146.97,154.39,490045,75658047.55
2024-02-29,GUTI,"Wood, Hutchinson and Hernandez",Finance,738.43,741.19,727.06,727.38,531993,386961068.34
2024-02-29,HERR,"Key, Santiago and Costa",Healthcare,563.05,602.08,562.06,599.49,500144,299831326.56
2024-02-29,MILL,Kim and Sons,Finance,314.44,324.94,314.2,322.24,525587,169365154.88
2024-02-29,MITC,Deleon-Oliver,Finance,347.44,352.69,346.17,349.61,955467,334040817.87
2024-02-29,MOOR,Petersen-Ali,Healthcare,907.43,916.33,891.61,895.89,503057,450683735.73
2024-02-29,SANT,"Chavez, Adams and Johnson",Energy,732.65,734.15,705.53,707.15,798673,564781611.95
2024-02-29,VELA,"Walsh, Keller and Pearson",Finance,25.84,26.08,25.02,25.17,812816,20458578.72
2024-02-29,WILK,Kramer Ltd,Finance,637.92,650.44,634.83,645.73,823487,531750260.51
2024-02-29,WYAT,Moreno-Wagner,Healthcare,353.81,366.81,351.49,363.99,922174,335662114.26
2024-03-01,BEAR,Stevens-Brown,Technology,397.12,398.86,393.72,394.0,556123,219112462.0
2024-03-01,BLAN,Hill LLC,Consumer,856.82,891.02,854.41,888.49,628126,558083669.74
2024-03-01,COLE,"Smith, Johnson and Mendoza",Consumer,829.4,889.24,822.13,885.49,512886,454155424.14
2024-03-01,CUNN,"Nichols, Ward and Miller",Consumer,428.61,431.79,424.75,431.38,208267,89842218.46
2024-03-01,DAVI,Parker-Taylor,Healthcare,325.13,331.28,324.38,330.66,122446,40487994.36
2024-03-01,GILM,"Molina, Ortiz and Rogers",Technology,155.68,156.07,150.48,151.67,615253,93315422.51
2024-03-01,GUTI,"Wood, Hutchinson and Hernandez",Finance,723.91,729.65,705.7,711.87,871893,620674469.91
2024-03-01,HERR,"Key, Santiago and Costa",Healthcare,594.18,611.13,593.62,608.19,787450,478919215.5
2024-03-01,MILL,Kim and Sons,Finance,320.83,323.93,313.84,316.45,736375,233025868.75
2024-03-01,MITC,Deleon-Oliver,Finance,346.34,351.07,343.5,350.47,999131,350165441.57
2024-03-01,MOOR,Petersen-Ali,Healthcare,888.92,909.62,885.09,902.82,728717,657900281.94
2024-03-01,SANT,"Chavez, Adams and Johnson",Energy,700.98,704.86,697.3,701.71,387098,271630537.58
2024-03-01,VELA,"Walsh, Keller and Pearson",Finance,25.24,25.87,25.0,25.86,726875,18796987.5
2024-03-01,WILK,Kramer Ltd,Finance,647.31,652.85,638.12,643.25,538905,346650641.25
2024-03-01,WYAT,Moreno-Wagner,Healthcare,366.05,383.66,363.34,381.48,353164,134725002.72
2024-03-04,BEAR,Stevens-Brown,Technology,397.51,398.7,388.67,391.8,561010,219803718.0
2024-03-04,BLAN,Hill LLC,Consumer,894.37,926.48,893.95,919.72,765746,704271911.12
2024-03-04,COLE,"Smith, Johnson and Mendoza",Consumer,884.37,924.25,878.38,918.75,518796,476643825.0
2024-03-04,CUNN,"Nichols, Ward and Miller",Consumer,432.17,446.76,431.03,443.17,717217,317849057.89
2024-03-04,DAVI,Parker-Taylor,Healthcare,329.69,330.42,322.05,324.17,322008,104385333.36
2024-03-04,GILM,"Molina, Ortiz and Rogers",Technology,150.76,160.09,150.14,159.72,686000,109567920.0
2024-03-04,GUTI,"Wood, Hutchinson and Hernandez",Finance,706.32,714.82,703.6,713.27,390016,278186712.32
2024-03-04,HERR,"Key, Santiago and Costa",Healthcare,602.34,604.44,593.85,597.41,702583,419730110.03
2024-03-04,MILL,Kim and Sons,Finance,319.09,322.16,306.54,309.46,643040,198995158.4
2024-03-04,MITC,Deleon-Oliver,Finance,353.51,354.52,339.17,341.1,474289,161779977.9
2024-03-04,MOOR,Petersen-Ali,Healthcare,905.94,911.16,902.81,904.91,400207,362151316.37
2024-03-04,SANT,"Chavez, Adams and Johnson",Energy,708.6,709.41,684.67,690.83,1005754,694805035.82
2024-03-04,VELA,"Walsh, Keller and Pearson",Finance,25.71,25.99,25.59,25.91,414939,10751069.49
2024-03-04,WILK,Kramer Ltd,Finance,645.09,651.56,644.05,649.16,329925,214174113.0
2024-03-04,WYAT,Moreno-Wagner,Healthcare,385.25,388.02,379.97,380.12,476443,181105513.16
2024-03-05,BEAR,Stevens-Brown,Technology,395.58,395.99,390.84,393.41,319253,125597322.73
2024-03-05,BLAN,Hill LLC,Consumer,925.16,932.46,915.84,922.15,391078,360632577.7
2024-03-05,COLE,"Smith, Johnson and Mendoza",Consumer,910.05,938.38,903.02,930.14,557936,518958591.04
2024-03-05,CUNN,"Nichols, Ward and Miller",Consumer,443.85,444.6,437.58,439.58,554901,243923381.58
2024-03-05,DAVI,Parker-Taylor,Healthcare,321.83,322.74,302.93,305.9,862479,263832326.1
2024-03-05,GILM,"Molina, Ortiz and Rogers",Technology,160.79,163.49,160.2,163.02,540845,88168551.9
2024-03-05,GUTI,"Wood, Hutchinson and Hernandez",Finance,717.6,720.89,715.04,716.73,330644,236982474.12
2024-03-05,HERR,"Key, Santiago and Costa",Healthcare,599.49,629.24,595.57,627.47,957861,601029041.67
2024-03-05,MILL,Kim and Sons,Finance,311.95,314.86,310.29,313.7,353188,110795075.6
2024-03-05,MITC,Deleon-Oliver,Finance,339.44,348.17,336.41,346.71,512823,177800862.33
2024-03-05,MOOR,Petersen-Ali,Healthcare,905.9,913.46,896.97,899.06,733416,659384988.96
2024-03-05,SANT,"Chavez, Adams and Johnson",Energy,687.55,697.5,686.0,695.3,778156,541051866.8
2024-03-05,VELA,"Walsh, Keller and Pearson",Finance,25.87,26.21,25.74,26.16,481567,12597792.72
2024-03-05,WILK,Kramer Ltd,Finance,653.22,656.8,644.75,648.57,285655,185267263.35
2024-03-05,WYAT,Moreno-Wagner,Healthcare,381.75,401.87,378.16,399.29,982434,392276071.86
2024-03-06,BEAR,Stevens-Brown,Technology,390.66,400.02,387.25,397.85,369280,146918048.0
2024-03-06,BLAN,Hill LLC,Consumer,929.59,932.02,911.68,915.05,398580,364720629.0
2024-03-06,COLE,"Smith, Johnson and Mendoza",Consumer,922.27,974.5,922.05,969.81,1139119,1104728997.39
2024-03-06,CUNN,"Nichols, Ward and Miller",Consumer,442.06,445.06,433.31,435.6,433553,188855686.8
2024-03-06,DAVI,Parker-Taylor,Healthcare,306.79,306.93,291.86,294.14,1215175,357431574.5
2024-03-06,GILM,"Molina, Ortiz and Rogers",Technology,163.57,164.25,161.16,161.71,415072,67121293.12
2024-03-06,GUTI,"Wood, Hutchinson and Hernandez",Finance,709.64,716.68,706.56,706.66,694718,490929421.88
2024-03-06,HERR,"Key, Santiago and Costa",Healthcare,631.97,644.05,631.07,643.25,394360,253672070.0
2024-03-06,MILL,Kim and Sons,Finance,314.72,317.77,308.47,309.32,973472,301114359.04
2024-03-06,MITC,Deleon-Oliver,Finance,347.69,348.88,337.81,340.11,761655,259046482.05
2024-03-06,MOOR,Petersen-Ali,Healthcare,899.78,926.21,898.83,919.76,696409,640529141.84
2024-03-06,SANT,"Chavez, Adams and Johnson",Energy,697.93,698.24,693.17,696.04,741361,516016910.44
2024-03-06,VELA,"Walsh, Keller and Pearson",Finance,26.02,26.59,25.79,26.56,743084,19736311.04
2024-03-06,WILK,Kramer Ltd,Finance,646.49,662.83,641.06,656.64,342080,224623411.2
2024-03-06,WYAT,Moreno-Wagner,Healthcare,397.65,401.31,396.84,397.2,531902,211271474.4
2024-03-07,BEAR,Stevens-Brown,Technology,395.74,396.42,394.44,395.77,791080,313085731.6
2024-03-07,BLAN,Hill LLC,Consumer,921.96,935.59,913.23,930.76,643248,598709508.48
2024-03-07,COLE,"Smith, Johnson and Mendoza",Consumer,975.1,986.1,966.38,982.07,611627,600660527.89
2024-03-07,CUNN,"Nichols, Ward and Miller",Consumer,438.62,440.0,436.79,438.98,407468,178870302.64
2024-03-07,DAVI,Parker-Taylor,Healthcare,291.92,293.94,286.64,287.26,616418,177072234.68
2024-03-07,GILM,"Molina, Ortiz and Rogers",Technology,163.19,167.25,162.69,166.89,814125,135869321.25
2024-03-07,GUTI,"Wood, Hutchinson and Hernandez",Finance,705.0,729.27,704.95,724.86,780311,565616231.46
2024-03-07,HERR,"Key, Santiago and Costa",Healthcare,646.23,656.2,644.27,651.4,781821,509278199.4
2024-03-07,MILL,Kim and Sons,Finance,307.94,310.11,306.0,306.63,304071,93237290.73
2024-03-07,MITC,Deleon-Oliver,Finance,341.12,343.25,340.03,341.7,679477,232177290.9
2024-03-07,MOOR,Petersen-Ali,Healthcare,922.78,941.29,918.97,939.45,613448,576303723.6
2024-03-07,SANT,"Chavez, Adams and Johnson",Energy,700.75,706.46,687.24,692.88,506353,350841866.64
2024-03-07,VELA,"Walsh, Keller and Pearson",Finance,26.6,26.68,26.33,26.49,634672,16812461.28
2024-03-07,WILK,Kramer Ltd,Finance,658.42,660.39,648.48,650.2,397369,258369323.8
2024-03-07,WYAT,Moreno-Wagner,Healthcare,399.92,411.81,399.0,408.04,732131,298738733.24
2024-03-08,BEAR,Stevens-Brown,Technology,399.32,401.08,383.52,384.51,1024955,394105447.05
2024-03-08,BLAN,Hill LLC,Consumer,929.17,950.39,928.0,944.62,265336,250641692.32
2024-03-08,COLE,"Smith, Johnson and Mendoza",Consumer,979.63,994.37,971.95,989.29,461991,457043076.39
2024-03-08,CUNN,"Nichols, Ward and Miller",Consumer,438.93,439.05,434.54,436.78,534357,233396450.46
2024-03-08,DAVI,Parker-Taylor,Healthcare,289.79,292.64,276.3,277.71,507711,140996421.81
2024-03-08,GILM,"Molina, Ortiz and Rogers",Technology,167.23,174.51,165.66,172.88,711794,123054946.72
2024-03-08,GUTI,"Wood, Hutchinson and Hernandez",Finance,721.41,729.82,719.8,723.05,724433,523801280.65
2024-03-08,HERR,"Key, Santiago and Costa",Healthcare,647.94,649.46,636.41,639.9,528773,338361842.7
2024-03-08,MILL,Kim and Sons,Finance,304.49,307.13,296.57,298.62,591724,176700620.88
2024-03-08,MITC,Deleon-Oliver,Finance,344.02,346.62,338.02,340.17,437493,148821993.81
2024-03-08,MOOR,Petersen-Ali,Healthcare,930.91,938.38,897.75,901.75,501125,451889468.75
2024-03-08,SANT,"Chavez, Adams and Johnson",Energy,688.54,693.25,682.92,684.91,368800,252594808.0
2024-03-08,VELA,"Walsh, Keller and Pearson",Finance,26.56,27.23,26.45,27.17,681970,18529124.9
2024-03-08,WILK,Kramer Ltd,Finance,647.26,653.41,631.22,633.82,665248,421647487.36
2024-03-08,WYAT,Moreno-Wagner,Healthcare,404.96,419.63,402.78,415.58,428858,178224807.64
2024-03-11,BEAR,Stevens-Brown,Technology,387.79,389.72,384.9,384.98,309723,119237160.54
2024-03-11,BLAN,Hill LLC,Consumer,949.73,967.86,947.11,961.56,476715,458390075.4
2024-03-11,COLE,"Smith, Johnson and Mendoza",Consumer,998.76,1033.54,996.44,1025.4,721034,739348263.6
2024-03-11,CUNN,"Nichols, Ward and Miller",Consumer,435.25,436.9,433.1,436.1,302071,131733163.1
2024-03-11,DAVI,Parker-Taylor,Healthcare,279.5,307.81,278.89,305.22,743192,226837062.24
2024-03-11,GILM,"Molina, Ortiz and Rogers",Technology,171.67,174.35,171.55,173.83,1085424,188679253.92
2024-03-11,GUTI,"Wood, Hutchinson and Hernandez",Finance,724.1,741.81,722.07,738.65,676660,499814909.0
2024-03-11,HERR,"Key, Santiago and Costa",Healthcare,639.65,648.19,638.12,644.16,491149,316378539.84
2024-03-11,MILL,Kim and Sons,Finance,300.92,301.14,272.24,272.93,1207352,329522581.36
2024-03-11,MITC,Deleon-Oliver,Finance,343.14,346.16,340.33,341.32,613718,209474227.76
2024-03-11,MOOR,Petersen-Ali,Healthcare,902.21,923.69,898.96,922.43,694293,640436691.99
2024-03-11,SANT,"Chavez, Adams and Johnson",Energy,686.88,687.23,663.04,666.28,100263,66803231.64
2024-03-11,VELA,"Walsh, Keller and Pearson",Finance,27.08,27.34,24.57,24.68,1360920,33587505.6
2024-03-11,WILK,Kramer Ltd,Finance,634.43,639.02,633.32,634.32,414971,263224404.72
2024-03-11,WYAT,Moreno-Wagner,Healthcare,418.26,438.78,414.78,436.64,982276,428900992.64
2024-03-12,BEAR,Stevens-Brown,Technology,386.64,418.09,386.07,417.3,395107,164878151.1
2024-03-12,BLAN,Hill LLC,Consumer,963.88,971.6,947.92,950.08,431380,409845510.4
2024-03-12,COLE,"Smith, Johnson and Mendoza",Consumer,1029.11,1032.52,988.11,997.96,789833,788221740.68
2024-03-12,CUNN,"Nichols, Ward and Miller",Consumer,439.96,443.75,433.54,433.75,723114,313650697.5
2024-03-12,DAVI,Parker-Taylor,Healthcare,305.38,324.92,303.27,322.68,676576,218317543.68
2024-03-12,GILM,"Molina, Ortiz and Rogers",Technology,172.28,178.38,170.72,177.56,619373,109975869.88
2024-03-12,GUTI,"Wood, Hutchinson and Hernandez",Finance,731.88,749.68,728.53,747.22,713920,533455302.4
2024-03-12,HERR,"Key, Santiago and Costa",Healthcare,647.36,648.3,604.94,608.8,1066998,649588382.4
2024-03-12,MILL,Kim and Sons,Finance,272.57,274.36,270.66,272.12,619238,168507044.56
2024-03-12,MITC,Deleon-Oliver,Finance,340.76,343.83,332.54,333.06,672440,223962866.4
2024-03-12,MOOR,Petersen-Ali,Healthcare,924.44,927.85,912.84,919.28,870545,800274607.6
2024-03-12,SANT,"Chavez, Adams and Johnson",Energy,671.11,674.41,663.37,664.65,689626,458359920.9
2024-03-12,VELA,"Walsh, Keller and Pearson",Finance,24.82,24.96,24.77,24.82,497292,12342787.44
2024-03-12,WILK,Kramer Ltd,Finance,631.72,640.82,630.57,639.42,869743,556131069.06
2024-03-12,WYAT,Moreno-Wagner,Healthcare,434.69,436.3,434.31,434.95,705879,307022071.05
2024-03-13,BEAR,Stevens-Brown,Technology,415.69,421.11,412.56,417.95,191543,80055396.85
2024-03-13,BLAN,Hill LLC,Consumer,946.14,965.52,941.88,963.37,356036,342994401.32
2024-03-13,COLE,"Smith, Johnson and Mendoza",Consumer,992.1,1021.23,982.85,1016.46,862637,876836005.02
2024-03-13,CUNN,"Nichols, Ward and Miller",Consumer,431.47,432.58,424.16,425.79,264120,112459654.8
2024-03-13,DAVI,Parker-Taylor,Healthcare,323.01,325.53,320.77,323.38,604715,195552736.7
2024-03-13,GILM,"Molina, Ortiz and Rogers",Technology,179.15,179.53,172.52,172.58,436057,75254717.06
2024-03-13,GUTI,"Wood, Hutchinson and Hernandez",Finance,752.5,757.81,727.78,730.4,188657,137795072.8
2024-03-13,HERR,"Key, Santiago and Costa",Healthcare,611.38,642.27,607.68,637.73,1335286,851551940.78
2024-03-13,MILL,Kim and Sons,Finance,273.47,280.87,272.69,278.85,634536,176940363.6
2024-03-13,MITC,Deleon-Oliver,Finance,330.8,332.07,324.98,326.61,927713,303000342.93
2024-03-13,MOOR,Petersen-Ali,Healthcare,922.4,923.61,914.82,917.12,265529,243521956.48
2024-03-13,SANT,"Chavez, Adams and Johnson",Energy,659.25,667.61,654.5,666.16,733980,488948116.8
2024-03-13,VELA,"Walsh, Keller and Pearson",Finance,24.7,25.7,24.57,25.5,639896,16317348.0
2024-03-13,WILK,Kramer Ltd,Finance,643.69,668.27,639.59,662.58,1276193,845579957.94
2024-03-13,WYAT,Moreno-Wagner,Healthcare,433.34,434.83,430.08,432.47,421240,182173662.8
2024-03-14,BEAR,Stevens-Brown,Technology,420.25,441.13,418.26,440.19,849467,373926878.73
2024-03-14,BLAN,Hill LLC,Consumer,961.88,974.91,955.69,970.13,235920,228873069.6
2024-03-14,COLE,"Smith, Johnson and Mendoza",Consumer,1008.85,1024.98,1003.88,1023.66,641911,657098614.26
2024-03-14,CUNN,"Nichols, Ward and Miller",Consumer,427.3,427.88,424.77,426.6,472652,201633343.2
2024-03-14,DAVI,Parker-Taylor,Healthcare,321.82,341.0,318.72,338.42,770952,260905575.84
2024-03-14,GILM,"Molina, Ortiz and Rogers",Technology,172.73,173.46,170.8,171.79,850065,146032666.35
2024-03-14,GUTI,"Wood, Hutchinson and Hernandez",Finance,728.91,738.75,727.24,734.29,223852,164372285.08
2024-03-14,HERR,"Key, Santiago and Costa",Healthcare,644.1,669.88,640.64,667.99,460997,307941386.03
2024-03-14,MILL,Kim and Sons,Finance,280.49,282.76,264.48,266.59,660834,176171736.06
2024-03-14,MITC,Deleon-Oliver,Finance,325.79,334.64,322.64,332.95,300967,100206962.65
2024-03-14,MOOR,Petersen-Ali,Healthcare,919.91,925.42,919.58,920.87,388173,357456870.51
2024-03-14,SANT,"Chavez, Adams and Johnson",Energy,663.82,674.8,659.57,669.6,723034,484143566.4
2024-03-14,VELA,"Walsh, Keller and Pearson",Finance,25.71,25.81,23.62,23.66,1135278,26860677.48
2024-03-14,WILK,Kramer Ltd,Finance,668.43,670.07,649.11,654.11,339985,222387588.35
2024-03-14,WYAT,Moreno-Wagner,Healthcare,435.02,437.93,414.1,416.9,399001,166343516.9
2024-03-15,BEAR,Stevens-Brown,Technology,441.4,445.71,425.32,427.75,916940,392221085.0
2024-03-15,BLAN,Hill LLC,Consumer,972.13,978.64,923.57,929.18,1056517,981694466.06
2024-03-15,COLE,"Smith, Johnson and Mendoza",Consumer,1024.78,1032.82,983.49,993.16,826348,820695779.68
2024-03-15,CUNN,"Nichols, Ward and Miller",Consumer,423.48,425.41,420.58,422.8,436998,184762754.4
2024-03-15,DAVI,Parker-Taylor,Healthcare,335.69,350.67,332.93,350.38,1041254,364834576.52
2024-03-15,GILM,"Molina, Ortiz and Rogers",Technology,173.38,174.76,163.24,163.48,428520,70054449.6
2024-03-15,GUTI,"Wood, Hutchinson and Hernandez",Finance,734.85,739.49,728.17,737.06,759643,559902469.58
2024-03-15,HERR,"Key, Santiago and Costa",Healthcare,671.12,671.73,587.26,591.33,1319185,780073666.05
2024-03-15,MILL,Kim and Sons,Finance,268.62,293.03,266.0,292.54,835156,244316536.24
2024-03-15,MITC,Deleon-Oliver,Finance,334.43,335.72,317.83,319.15,767620,244985923.0
2024-03-15,MOOR,Petersen-Ali,Healthcare,912.63,920.39,897.81,901.93,1062151,957985851.43
2024-03-15,SANT,"Chavez, Adams and Johnson",Energy,673.84,674.85,663.8,666.32,610348,406687079.36
2024-03-15,VELA,"Walsh, Keller and Pearson",Finance,23.51,23.65,22.46,22.58,860370,19427154.6
2024-03-15,WILK,Kramer Ltd,Finance,649.88,654.05,636.75,638.97,489875,313015428.75
2024-03-15,WYAT,Moreno-Wagner,Healthcare,416.93,437.52,416.72,434.2,386512,167823510.4
2024-03-18,BEAR,Stevens-Brown,Technology,427.18,427.38,419.89,423.6,475543,201440014.8
2024-03-18,BLAN,Hill LLC,Consumer,938.36,939.11,917.34,918.12,548627,503705421.24
2024-03-18,COLE,"Smith, Johnson and Mendoza",Consumer,995.83,997.01,969.98,974.47,733385,714661680.95
2024-03-18,CUNN,"Nichols, Ward and Miller",Consumer,418.58,421.59,414.51,417.87,596780,249376458.6
2024-03-18,DAVI,Parker-Taylor,Healthcare,348.28,351.09,343.64,344.56,580136,199891660.16
2024-03-18,GILM,"Molina, Ortiz and Rogers",Technology,164.21,165.61,162.69,163.71,465928,76277072.88
2024-03-18,GUTI,"Wood, Hutchinson and Hernandez",Finance,741.45,745.74,727.22,732.37,424499,310890332.63
2024-03-18,HERR,"Key, Santiago and Costa",Healthcare,588.83,592.46,570.08,575.19,326264,187663790.16
2024-03-18,MILL,Kim and Sons,Finance,293.68,300.99,291.13,299.97,225547,67657333.59
2024-03-18,MITC,Deleon-Oliver,Finance,318.58,321.28,315.38,316.81,542129,171751888.49
2024-03-18,MOOR,Petersen-Ali,Healthcare,905.75,910.45,839.5,847.42,428037,362727114.54
2024-03-18,SANT,"Chavez, Adams and Johnson",Energy,662.11,672.12,661.56,667.34,230894,154084801.96
2024-03-18,VELA,"Walsh, Keller and Pearson",Finance,22.52,22.8,22.51,22.59,475300,10737027.0
2024-03-18,WILK,Kramer Ltd,Finance,642.6,644.28,625.09,626.36,50874,31865438.64
2024-03-18,WYAT,Moreno-Wagner,Healthcare,431.04,452.73,427.56,448.62,590220,264784496.4
2024-03-19,BEAR,Stevens-Brown,Technology,424.84,427.45,411.09,411.29,556028,228688756.12
2024-03-19,BLAN,Hill LLC,Consumer,923.96,942.0,916.81,941.88,722842,680830422.96
2024-03-19,COLE,"Smith, Johnson and Mendoza",Consumer,965.26,982.55,962.0,980.39,552387,541554690.93
2024-03-19,CUNN,"Nichols, Ward and Miller",Consumer,421.19,424.29,404.66,407.0,805579,327870653.0
2024-03-19,DAVI,Parker-Taylor,Healthcare,345.68,382.06,345.35,379.85,1144358,434684386.3
2024-03-19,GILM,"Molina, Ortiz and Rogers",Technology,164.12,164.55,160.99,161.96,524390,84930204.4
2024-03-19,GUTI,"Wood, Hutchinson and Hernandez",Finance,737.26,744.38,722.45,727.32,802074,583364461.68
2024-03-19,HERR,"Key, Santiago and Costa",Healthcare,575.89,576.54,551.21,551.71,739768,408137403.28
2024-03-19,MILL,Kim and Sons,Finance,299.98,302.27,279.57,282.28,807626,227976667.28
2024-03-19,MITC,Deleon-Oliver,Finance,314.09,314.17,308.11,308.22,675562,208221719.64
2024-03-19,MOOR,Petersen-Ali,Healthcare,841.46,848.75,830.22,837.13,540456,452431931.28
2024-03-19,SANT,"Chavez, Adams and Johnson",Energy,670.15,673.94,655.45,661.53,697514,461426436.42
2024-03-19,VELA,"Walsh, Keller and Pearson",Finance,22.57,23.07,22.41,22.99,959786,22065480.14
2024-03-19,WILK,Kramer Ltd,Finance,623.85,641.89,619.1,637.98,262008,167155863.84
2024-03-19,WYAT,Moreno-Wagner,Healthcare,449.07,467.49,445.29,462.87,701890,324883824.3
2024-03-20,BEAR,Stevens-Brown,Technology,408.95,409.1,404.14,408.01,271021,110579278.21
2024-03-20,BLAN,Hill LLC,Consumer,943.01,946.18,940.35,945.77,460800,435810816.0
2024-03-20,COLE,"Smith, Johnson and Mendoza",Consumer,979.32,1004.45,976.93,994.89,680634,677155960.26
2024-03-20,CUNN,"Nichols, Ward and Miller",Consumer,405.45,412.61,405.31,408.53,375290,153317223.7
2024-03-20,DAVI,Parker-Taylor,Healthcare,378.18,388.31,377.09,388.05,51246,19886010.3
2024-03-20,GILM,"Molina, Ortiz and Rogers",Technology,162.5,163.22,157.86,158.61,696284,110437605.24
2024-03-20,GUTI,"Wood, Hutchinson and Hernandez",Finance,721.06,727.86,718.04,723.88,519901,376345935.88
2024-03-20,HERR,"Key, Santiago and Costa",Healthcare,553.09,556.21,508.85,510.57,668597,341365570.29
2024-03-20,MILL,Kim and Sons,Finance,281.84,285.43,279.46,282.62,421859,119225790.58
2024-03-20,MITC,Deleon-Oliver,Finance,307.9,314.15,307.44,311.66,404719,126134723.54
2024-03-20,MOOR,Petersen-Ali,Healthcare,836.68,846.44,828.73,844.61,389076,328617480.36
2024-03-20,SANT,"Chavez, Adams and Johnson",Energy,659.05,659.15,657.61,657.92,260956,171688171.52
2024-03-20,VELA,"Walsh, Keller and Pearson",Finance,22.9,22.96,21.84,22.02,285854,6294505.08
2024-03-20,WILK,Kramer Ltd,Finance,638.22,641.97,614.18,615.1,566711,348583936.1
2024-03-20,WYAT,Moreno-Wagner,Healthcare,465.47,465.51,462.73,464.44,254501,118200444.44
2024-03-21,BEAR,Stevens-Brown,Technology,404.7,421.92,403.25,418.32,1172966,490675137.12
2024-03-21,BLAN,Hill LLC,Consumer,947.14,950.46,935.94,936.79,453692,425014128.68
2024-03-21,COLE,"Smith, Johnson and Mendoza",Consumer,996.74,1004.56,960.12,960.52,363341,348996297.32
2024-03-21,CUNN,"Nichols, Ward and Miller",Consumer,412.01,424.97,408.54,421.43,380628,160408058.04
2024-03-21,DAVI,Parker-Taylor,Healthcare,386.86,387.83,384.12,384.52,556725,214071897.0
2024-03-21,GILM,"Molina, Ortiz and Rogers",Technology,159.73,161.11,156.2,157.72,389950,61502914.0
2024-03-21,GUTI,"Wood, Hutchinson and Hernandez",Finance,729.97,733.97,718.39,725.07,520482,377385883.74
2024-03-21,HERR,"Key, Santiago and Costa",Healthcare,512.96,517.23,495.31,499.13,708586,353676530.18
2024-03-21,MILL,Kim and Sons,Finance,281.44,286.96,279.37,284.38,886327,252053672.26
2024-03-21,MITC,Deleon-Oliver,Finance,309.0,311.03,303.09,304.83,697463,212607646.29
2024-03-21,MOOR,Petersen-Ali,Healthcare,847.05,857.26,841.02,849.94,387480,329334751.2
2024-03-21,SANT,"Chavez, Adams and Johnson",Energy,661.49,674.09,657.78,670.78,575383,385955408.74
2024-03-21,VELA,"Walsh, Keller and Pearson",Finance,22.06,23.03,21.98,22.98,612990,14086510.2
2024-03-21,WILK,Kramer Ltd,Finance,612.22,620.76,607.74,619.13,548251,339438641.63
2024-03-21,WYAT,Moreno-Wagner,Healthcare,467.93,471.69,461.01,462.36,227720,105288619.2
2024-03-22,BEAR,Stevens-Brown,Technology,419.5,437.91,417.6,434.81,367672,159867462.32
2024-03-22,BLAN,Hill LLC,Consumer,944.84,991.24,935.63,987.95,773477,764156602.15
2024-03-22,COLE,"Smith, Johnson and Mendoza",Consumer,966.11,971.22,961.78,970.61,40499,39308734.39
2024-03-22,CUNN,"Nichols, Ward and Miller",Consumer,424.0,429.63,420.12,428.52,716267,306934734.84
2024-03-22,DAVI,Parker-Taylor,Healthcare,383.32,384.56,379.68,382.49,654252,250244847.48
2024-03-22,GILM,"Molina, Ortiz and Rogers",Technology,158.85,160.19,158.39,159.25,391876,62406253.0
2024-03-22,GUTI,"Wood, Hutchinson and Hernandez",Finance,732.16,734.24,716.72,717.31,557830,400137037.3
2024-03-22,HERR,"Key, Santiago and Costa",Healthcare,498.15,500.54,468.2,469.24,303678,142497864.72
2024-03-22,MILL,Kim and Sons,Finance,284.77,291.34,284.73,291.32,537250,156511670.0
2024-03-22,MITC,Deleon-Oliver,Finance,304.71,312.58,304.37,309.8,746586,231292342.8
2024-03-22,MOOR,Petersen-Ali,Healthcare,855.24,862.9,823.68,830.51,567130,471007136.3
2024-03-22,SANT,"Chavez, Adams and Johnson",Energy,673.83,687.9,672.98,684.17,805738,551261767.46
2024-03-22,VELA,"Walsh, Keller and Pearson",Finance,23.13,23.18,23.03,23.06,318695,7349106.7
2024-03-22,WILK,Kramer Ltd,Finance,625.12,638.85,624.47,637.19,996974,635261863.06
2024-03-22,WYAT,Moreno-Wagner,Healthcare,463.65,479.58,461.71,477.16,1105290,527400176.4
2024-03-25,BEAR,Stevens-Brown,Technology,435.1,444.39,433.75,442.93,729368,323058968.24
2024-03-25,BLAN,Hill LLC,Consumer,997.11,1009.45,994.24,1003.68,983473,987092180.64
2024-03-25,COLE,"Smith, Johnson and Mendoza",Consumer,965.9,998.1,963.19,990.37,265380,262824390.6
2024-03-25,CUNN,"Nichols, Ward and Miller",Consumer,431.65,435.18,422.68,425.65,555392,236402604.8
2024-03-25,DAVI,Parker-Taylor,Healthcare,386.04,388.48,359.32,361.39,991600,358354324.0
2024-03-25,GILM,"Molina, Ortiz and Rogers",Technology,160.14,162.51,158.71,161.35,356616,57539991.6
2024-03-25,GUTI,"Wood, Hutchinson and Hernandez",Finance,718.63,724.16,714.9,717.53,390501,280196182.53
2024-03-25,HERR,"Key, Santiago and Costa",Healthcare,465.63,486.96,463.8,483.63,1170868,566266890.84
2024-03-25,MILL,Kim and Sons,Finance,293.39,304.63,291.09,301.81,257365,77675330.65
2024-03-25,MITC,Deleon-Oliver,Finance,307.01,313.15,306.32,312.25,418156,130569211.0
2024-03-25,MOOR,Petersen-Ali,Healthcare,833.15,851.69,826.84,845.5,540911,457340250.5
2024-03-25,SANT,"Chavez, Adams and Johnson",Energy,679.8,692.55,674.85,688.62,254513,175262742.06
2024-03-25,VELA,"Walsh, Keller and Pearson",Finance,23.0,24.03,23.0,23.89,606287,14484196.43
2024-03-25,WILK,Kramer Ltd,Finance,636.63,643.65,630.61,641.36,565550,362721148.0
2024-03-25,WYAT,Moreno-Wagner,Healthcare,478.75,484.89,476.12,484.36,571107,276621386.52
2024-03-26,BEAR,Stevens-Brown,Technology,440.08,450.02,437.66,445.7,782025,348548542.5
2024-03-26,BLAN,Hill LLC,Consumer,999.94,1020.45,991.59,1016.27,765344,777796146.88
2024-03-26,COLE,"Smith, Johnson and Mendoza",Consumer,986.74,1013.86,984.46,1006.07,127101,127872503.07
2024-03-26,CUNN,"Nichols, Ward and Miller",Consumer,422.74,425.53,408.27,412.08,768095,316516587.6
2024-03-26,DAVI,Parker-Taylor,Healthcare,361.4,364.3,332.75,335.77,530084,177986304.68
2024-03-26,GILM,"Molina, Ortiz and Rogers",Technology,159.88,163.16,159.17,161.6,539833,87237012.8
2024-03-26,GUTI,"Wood, Hutchinson and Hernandez",Finance,718.38,719.05,711.2,716.56,233102,167031569.12
2024-03-26,HERR,"Key, Santiago and Costa",Healthcare,483.64,505.04,483.3,500.93,327113,163860715.09
2024-03-26,MILL,Kim and Sons,Finance,299.48,301.05,294.66,296.99,365465,108539450.35
2024-03-26,MITC,Deleon-Oliver,Finance,311.92,315.61,311.79,314.28,718340,225759895.2
2024-03-26,MOOR,Petersen-Ali,Healthcare,839.34,859.67,834.26,854.82,429843,367438393.26
2024-03-26,SANT,"Chavez, Adams and Johnson",Energy,684.35,693.31,682.51,688.9,260018,179126400.2
2024-03-26,VELA,"Walsh, Keller and Pearson",Finance,23.97,24.14,23.35,23.58,594877,14027199.66
2024-03-26,WILK,Kramer Ltd,Finance,638.08,639.04,628.54,633.52,474828,300813034.56
2024-03-26,WYAT,Moreno-Wagner,Healthcare,480.7,496.92,480.64,494.59,31868,15761594.12
2024-03-27,BEAR,Stevens-Brown,Technology,450.08,451.39,444.49,445.74,222632,99235987.68
2024-03-27,BLAN,Hill LLC,Consumer,1006.35,1028.11,997.65,1024.58,590339,604849532.62
2024-03-27,COLE,"Smith, Johnson and Mendoza",Consumer,996.88,1066.1,994.7,1062.54,496424,527470356.96
2024-03-27,CUNN,"Nichols, Ward and Miller",Consumer,415.64,424.91,415.17,421.89,684806,288912803.34
2024-03-27,DAVI,Parker-Taylor,Healthcare,337.26,364.93,335.39,361.68,827921,299442467.28
2024-03-27,GILM,"Molina, Ortiz and Rogers",Technology,161.39,162.19,156.03,156.45,740692,115881263.4
2024-03-27,GUTI,"Wood, Hutchinson and Hernandez",Finance,715.17,724.07,710.79,721.65,590084,425834118.6
2024-03-27,HERR,"Key, Santiago and Costa",Healthcare,503.55,505.25,469.87,470.84,1189615,560118326.6
2024-03-27,MILL,Kim and Sons,Finance,298.44,306.64,295.82,306.1,594367,181935738.7
2024-03-27,MITC,Deleon-Oliver,Finance,316.98,319.66,309.06,310.34,745998,231513019.32
2024-03-27,MOOR,Petersen-Ali,Healthcare,855.14,862.02,842.34,849.42,736616,625696362.72
2024-03-27,SANT,"Chavez, Adams and Johnson",Energy,686.48,687.81,661.89,667.72,444398,296733432.56
2024-03-27,VELA,"Walsh, Keller and Pearson",Finance,23.37,24.34,23.25,24.32,797761,19401547.52
2024-03-27,WILK,Kramer Ltd,Finance,632.19,639.34,630.91,639.02,250285,159937120.7
2024-03-27,WYAT,Moreno-Wagner,Healthcare,493.31,498.92,491.79,494.48,686651,339535186.48
2024-03-28,BEAR,Stevens-Brown,Technology,446.34,447.5,424.43,427.0,588249,251182323.0
2024-03-28,BLAN,Hill LLC,Consumer,1030.32,1054.89,1024.86,1050.83,609151,640114145.33
2024-03-28,COLE,"Smith, Johnson and Mendoza",Consumer,1060.6,1066.45,1007.78,1011.71,643447,650981764.37
2024-03-28,CUNN,"Nichols, Ward and Miller",Consumer,422.68,422.92,412.47,413.77,252828,104612641.56
2024-03-28,DAVI,Parker-Taylor,Healthcare,364.35,390.74,361.27,390.37,1231647,480798039.39
2024-03-28,GILM,"Molina, Ortiz and Rogers",Technology,156.25,156.42,149.05,149.82,906398,135796548.36
2024-03-28,GUTI,"Wood, Hutchinson and Hernandez",Finance,722.77,729.58,715.64,722.98,636259,460002531.82
2024-03-28,HERR,"Key, Santiago and Costa",Healthcare,471.33,483.59,470.42,479.76,535511,256916757.36
2024-03-28,MILL,Kim and Sons,Finance,307.9,325.82,307.41,325.49,359213,116920239.37
2024-03-28,MITC,Deleon-Oliver,Finance,312.47,314.3,307.2,309.67,748072,231655456.24
2024-03-28,MOOR,Petersen-Ali,Healthcare,848.29,852.03,828.97,831.61,980045,815015222.45
2024-03-28,SANT,"Chavez, Adams and Johnson",Energy,666.02,666.33,654.62,659.69,668986,441323374.34
2024-03-28,VELA,"Walsh, Keller and Pearson",Finance,24.2,24.43,23.25,23.39,406440,9506631.6
2024-03-28,WILK,Kramer Ltd,Finance,643.7,646.23,628.08,631.18,820308,517762003.44
2024-03-28,WYAT,Moreno-Wagner,Healthcare,490.43,517.51,490.3,513.57,1368809,702979238.13
2024-03-29,BEAR,Stevens-Brown,Technology,429.73,440.29,427.75,437.16,777599,339935178.84
2024-03-29,BLAN,Hill LLC,Consumer,1060.92,1061.9,1056.81,1059.34,734855,778461295.7
2024-03-29,COLE,"Smith, Johnson and Mendoza",Consumer,1004.01,1055.81,998.46,1046.95,934203,978063830.85
2024-03-29,CUNN,"Nichols, Ward and Miller",Consumer,417.78,420.8,417.72,417.77,568186,237371065.22
2024-03-29,DAVI,Parker-Taylor,Healthcare,388.84,394.97,385.37,394.22,1030470,406231883.4
2024-03-29,GILM,"Molina, Ortiz and Rogers",Technology,148.44,149.85,144.79,145.89,943812,137692732.68
2024-03-29,GUTI,"Wood, Hutchinson and Hernandez",Finance,717.59,737.67,717.37,730.66,639273,467091210.18
2024-03-29,HERR,"Key, Santiago and Costa",Healthcare,483.52,501.18,483.0,499.41,1018782,508789918.62
2024-03-29,MILL,Kim and Sons,Finance,322.97,350.63,322.91,349.65,1390501,486188674.65
2024-03-29,MITC,Deleon-Oliver,Finance,308.61,315.55,307.57,314.74,889102,279835963.48
2024-03-29,MOOR,Petersen-Ali,Healthcare,833.13,834.82,800.47,801.78,509263,408316888.14
2024-03-29,SANT,"Chavez, Adams and Johnson",Energy,655.49,664.56,651.64,663.59,651094,432059467.46
2024-03-29,VELA,"Walsh, Keller and Pearson",Finance,23.56,23.79,22.4,22.48,354648,7972487.04
2024-03-29,WILK,Kramer Ltd,Finance,635.04,640.28,633.52,634.75,407398,258595880.5
2024-03-29,WYAT,Moreno-Wagner,Healthcare,514.6,515.71,498.15,499.82,600386,300084930.52
